{"textures":{"0":"modelengine:entity/lumberjack"},"elements":[{"name":"cube","from":[5.3247175,7.0386667,5.2819366],"to":[10.124718,11.838667,10.081937],"rotation":{"angle":0.0,"axis":"x","origin":[7.4247174,-7.361334,7.081937]},"faces":{"down":{"uv":[2.9875,3.5125,2.0125,4.4875],"rotation":0,"texture":"#0","tintindex":0},"east":{"uv":[0.0125,3.1375,0.9875,4.1125],"rotation":0,"texture":"#0","tintindex":0},"north":{"uv":[2.7625,0.8875,3.7375,1.8625],"rotation":0,"texture":"#0","tintindex":0},"south":{"uv":[3.1375,1.8875,4.1125,2.8625],"rotation":0,"texture":"#0","tintindex":0},"up":{"uv":[1.9875,4.4875,1.0125,3.5125],"rotation":0,"texture":"#0","tintindex":0},"west":{"uv":[3.1375,2.8875,4.1125,3.8625],"rotation":0,"texture":"#0","tintindex":0}}},{"name":"cube","from":[7.1247177,8.838667,4.6819363],"to":[8.3247175,10.038667,5.2819366],"rotation":{"angle":0.0,"axis":"x","origin":[7.4247174,-7.361334,7.081937]},"faces":{"down":{"uv":[0.7375,5.1375,0.5125,5.2375],"rotation":0,"texture":"#0","tintindex":0},"east":{"uv":[7.7625,0.0125,7.8625,0.2375],"rotation":0,"texture":"#0","tintindex":0},"north":{"uv":[6.5125,7.6375,6.7375,7.8625],"rotation":0,"texture":"#0","tintindex":0},"south":{"uv":[6.7625,7.6375,6.9875,7.8625],"rotation":0,"texture":"#0","tintindex":0},"up":{"uv":[5.2375,2.8625,5.0125,2.7625],"rotation":0,"texture":"#0","tintindex":0},"west":{"uv":[7.7625,0.2625,7.8625,0.4875],"rotation":0,"texture":"#0","tintindex":0}}},{"name":"cube","from":[10.124718,6.4386663,6.4819365],"to":[10.724718,10.638666,7.6819367],"rotation":{"angle":0.0,"axis":"x","origin":[8.024717,-7.361334,7.081937]},"faces":{"down":{"uv":[7.8625,1.2625,7.7625,1.4875],"rotation":0,"texture":"#0","tintindex":0},"east":{"uv":[4.2625,7.2625,4.4875,8.1125],"rotation":0,"texture":"#0","tintindex":0},"north":{"uv":[3.7625,7.5125,3.8625,8.3625],"rotation":0,"texture":"#0","tintindex":0},"south":{"uv":[7.5125,7.5125,7.6125,8.3625],"rotation":0,"texture":"#0","tintindex":0},"up":{"uv":[1.3625,7.9875,1.2625,7.7625],"rotation":0,"texture":"#0","tintindex":0},"west":{"uv":[4.5125,7.2625,4.7375,8.1125],"rotation":0,"texture":"#0","tintindex":0}}},{"name":"cube","from":[5.9247174,5.8386664,4.0819364],"to":[9.524717,7.6386666,5.8819366],"rotation":{"angle":0.0,"axis":"x","origin":[7.4247174,-7.361334,7.081937]},"faces":{"down":{"uv":[7.7375,1.6375,7.0125,1.9875],"rotation":0,"texture":"#0","tintindex":0},"east":{"uv":[7.3875,5.7625,7.7375,6.1125],"rotation":0,"texture":"#0","tintindex":0},"north":{"uv":[6.8875,5.0125,7.6125,5.3625],"rotation":0,"texture":"#0","tintindex":0},"south":{"uv":[6.8875,5.3875,7.6125,5.7375],"rotation":0,"texture":"#0","tintindex":0},"up":{"uv":[7.7375,1.6125,7.0125,1.2625],"rotation":0,"texture":"#0","tintindex":0},"west":{"uv":[6.1375,7.3875,6.4875,7.7375],"rotation":0,"texture":"#0","tintindex":0}}},{"name":"cube","from":[4.724717,6.4386663,4.6819363],"to":[10.724718,8.838667,6.4819365],"rotation":{"angle":0.0,"axis":"x","origin":[7.4247174,-7.361334,7.081937]},"faces":{"down":{"uv":[7.4875,2.0125,6.2625,2.3625],"rotation":0,"texture":"#0","tintindex":0},"east":{"uv":[7.3875,3.2625,7.7375,3.7375],"rotation":0,"texture":"#0","tintindex":0},"north":{"uv":[5.1375,3.6375,6.3625,4.1125],"rotation":0,"texture":"#0","tintindex":0},"south":{"uv":[5.1375,4.1375,6.3625,4.6125],"rotation":0,"texture":"#0","tintindex":0},"up":{"uv":[6.4875,3.6125,5.2625,3.2625],"rotation":0,"texture":"#0","tintindex":0},"west":{"uv":[5.1375,7.3875,5.4875,7.8625],"rotation":0,"texture":"#0","tintindex":0}}},{"name":"cube","from":[4.724717,6.4386663,6.4819365],"to":[5.3247175,10.638666,7.6819367],"rotation":{"angle":0.0,"axis":"x","origin":[2.6247172,-7.361334,7.081937]},"faces":{"down":{"uv":[1.2375,7.7625,1.1375,7.9875],"rotation":0,"texture":"#0","tintindex":0},"east":{"uv":[5.8875,7.0125,6.1125,7.8625],"rotation":0,"texture":"#0","tintindex":0},"north":{"uv":[3.6375,0.0125,3.7375,0.8625],"rotation":0,"texture":"#0","tintindex":0},"south":{"uv":[2.6375,7.5125,2.7375,8.3625],"rotation":0,"texture":"#0","tintindex":0},"up":{"uv":[1.1125,7.9875,1.0125,7.7625],"rotation":0,"texture":"#0","tintindex":0},"west":{"uv":[4.0125,7.2625,4.2375,8.1125],"rotation":0,"texture":"#0","tintindex":0}}},{"name":"cube","from":[5.0247173,10.488667,4.9819365],"to":[10.424717,12.888667,10.981937],"rotation":{"angle":22.5,"axis":"x","origin":[7.7247176,10.938667,7.3819366]},"faces":{"down":{"uv":[2.2375,0.0125,1.1375,1.2375],"rotation":0,"texture":"#0","tintindex":0},"east":{"uv":[5.0125,1.7625,6.2375,2.2375],"rotation":0,"texture":"#0","tintindex":0},"north":{"uv":[0.0125,5.2625,1.1125,5.7375],"rotation":0,"texture":"#0","tintindex":0},"south":{"uv":[5.3875,4.6375,6.4875,5.1125],"rotation":0,"texture":"#0","tintindex":0},"up":{"uv":[1.1125,1.2375,0.0125,0.0125],"rotation":0,"texture":"#0","tintindex":0},"west":{"uv":[5.0125,2.2625,6.2375,2.7375],"rotation":0,"texture":"#0","tintindex":0}}},{"name":"cube","from":[5.0494347,8.838667,7.8658743],"to":[6.2494354,10.638666,9.065874],"rotation":{"angle":-22.5,"axis":"y","origin":[5.649435,9.738667,8.465874]},"faces":{"down":{"uv":[7.8625,7.0125,7.6375,7.2375],"rotation":0,"texture":"#0","tintindex":0},"east":{"uv":[2.8875,7.6375,3.1125,7.9875],"rotation":0,"texture":"#0","tintindex":0},"north":{"uv":[7.6375,2.7625,7.8625,3.1125],"rotation":0,"texture":"#0","tintindex":0},"south":{"uv":[7.6375,4.6375,7.8625,4.9875],"rotation":0,"texture":"#0","tintindex":0},"up":{"uv":[7.8625,6.9875,7.6375,6.7625],"rotation":0,"texture":"#0","tintindex":0},"west":{"uv":[7.6375,5.0125,7.8625,5.3625],"rotation":0,"texture":"#0","tintindex":0}}},{"name":"cube","from":[5.3247175,11.088667,6.1819363],"to":[10.124718,13.488667,10.981937],"rotation":{"angle":0.0,"axis":"x","origin":[7.7247176,10.938667,7.3819366]},"faces":{"down":{"uv":[3.9875,3.8875,3.0125,4.8625],"rotation":0,"texture":"#0","tintindex":0},"east":{"uv":[4.6375,5.7625,5.6125,6.2375],"rotation":0,"texture":"#0","tintindex":0},"north":{"uv":[5.7625,0.8875,6.7375,1.3625],"rotation":0,"texture":"#0","tintindex":0},"south":{"uv":[5.6375,5.7625,6.6125,6.2375],"rotation":0,"texture":"#0","tintindex":0},"up":{"uv":[4.7375,0.9875,3.7625,0.0125],"rotation":0,"texture":"#0","tintindex":0},"west":{"uv":[1.0125,5.8875,1.9875,6.3625],"rotation":0,"texture":"#0","tintindex":0}}},{"name":"cube","from":[6.5247173,10.938667,10.381937],"to":[9.524717,12.738667,12.181937],"rotation":{"angle":22.5,"axis":"x","origin":[8.024717,12.438666,10.381937]},"faces":{"down":{"uv":[7.8625,2.3875,7.2625,2.7375],"rotation":0,"texture":"#0","tintindex":0},"east":{"uv":[2.6375,4.5125,2.9875,4.8625],"rotation":0,"texture":"#0","tintindex":0},"north":{"uv":[7.0125,6.1375,7.6125,6.4875],"rotation":0,"texture":"#0","tintindex":0},"south":{"uv":[0.0125,7.2625,0.6125,7.6125],"rotation":0,"texture":"#0","tintindex":0},"up":{"uv":[7.8625,0.9875,7.2625,0.6375],"rotation":0,"texture":"#0","tintindex":0},"west":{"uv":[5.5125,7.3875,5.8625,7.7375],"rotation":0,"texture":"#0","tintindex":0}}},{"name":"cube","from":[9.2,8.838667,7.8658743],"to":[10.4,10.638666,9.065874],"rotation":{"angle":22.5,"axis":"y","origin":[9.8,9.738667,8.465874]},"faces":{"down":{"uv":[7.6375,7.0125,7.8625,7.2375],"rotation":0,"texture":"#0","tintindex":0},"east":{"uv":[7.8625,5.0125,7.6375,5.3625],"rotation":0,"texture":"#0","tintindex":0},"north":{"uv":[7.8625,2.7625,7.6375,3.1125],"rotation":0,"texture":"#0","tintindex":0},"south":{"uv":[7.8625,4.6375,7.6375,4.9875],"rotation":0,"texture":"#0","tintindex":0},"up":{"uv":[7.6375,6.9875,7.8625,6.7625],"rotation":0,"texture":"#0","tintindex":0},"west":{"uv":[3.1125,7.6375,2.8875,7.9875],"rotation":0,"texture":"#0","tintindex":0}}}],"display":{"head":{"translation":[0.0,-6.4,0.0],"rotation":[0.0,0.0,0.0],"scale":[3.8095,3.8095,3.8095]}}}