{"textures":{"0":"modelengine:entity/fisherman_prop"},"elements":[{"name":"cube","from":[7.034006,4.748178,5.3],"to":[7.634006,10.7481785,6.5],"rotation":{"angle":0.0,"axis":"x","origin":[13.034007,4.748178,8.9]},"faces":{"down":{"uv":[6.9875,1.7625,6.8875,1.9875],"rotation":0,"texture":"#0","tintindex":0},"east":{"uv":[3.8875,6.2625,4.1125,7.4875],"rotation":0,"texture":"#0","tintindex":0},"north":{"uv":[5.1375,6.2625,5.2375,7.4875],"rotation":0,"texture":"#0","tintindex":0},"south":{"uv":[6.5125,5.8875,6.6125,7.1125],"rotation":0,"texture":"#0","tintindex":0},"up":{"uv":[6.6125,1.2375,6.5125,1.0125],"rotation":0,"texture":"#0","tintindex":0},"west":{"uv":[4.1375,6.2625,4.3625,7.4875],"rotation":0,"texture":"#0","tintindex":0}}},{"name":"cube","from":[18.434006,4.748178,5.3],"to":[19.034008,10.7481785,13.1],"rotation":{"angle":0.0,"axis":"x","origin":[24.434006,4.748178,8.9]},"faces":{"down":{"uv":[5.1125,6.2625,5.0125,7.8625],"rotation":0,"texture":"#0","tintindex":0},"east":{"uv":[4.5125,1.3875,6.1125,2.6125],"rotation":0,"texture":"#0","tintindex":0},"north":{"uv":[1.3875,6.6375,1.4875,7.8625],"rotation":0,"texture":"#0","tintindex":0},"south":{"uv":[1.5125,6.6375,1.6125,7.8625],"rotation":0,"texture":"#0","tintindex":0},"up":{"uv":[4.9875,7.8625,4.8875,6.2625],"rotation":0,"texture":"#0","tintindex":0},"west":{"uv":[4.5125,1.3875,6.1125,2.6125],"rotation":0,"texture":"#0","tintindex":0}}},{"name":"cube","from":[7.034006,4.748178,11.900001],"to":[7.634006,10.7481785,13.1],"rotation":{"angle":0.0,"axis":"x","origin":[13.034007,4.748178,15.5]},"faces":{"down":{"uv":[2.1125,6.8875,2.0125,7.1125],"rotation":0,"texture":"#0","tintindex":0},"east":{"uv":[4.3875,6.2625,4.6125,7.4875],"rotation":0,"texture":"#0","tintindex":0},"north":{"uv":[1.1375,6.6375,1.2375,7.8625],"rotation":0,"texture":"#0","tintindex":0},"south":{"uv":[1.2625,6.6375,1.3625,7.8625],"rotation":0,"texture":"#0","tintindex":0},"up":{"uv":[1.9875,7.1125,1.8875,6.8875],"rotation":0,"texture":"#0","tintindex":0},"west":{"uv":[4.6375,6.2625,4.8625,7.4875],"rotation":0,"texture":"#0","tintindex":0}}},{"name":"cube","from":[7.034006,9.548179,6.5],"to":[7.634006,10.7481785,11.900001],"rotation":{"angle":0.0,"axis":"x","origin":[13.034007,4.748178,15.5]},"faces":{"down":{"uv":[6.7375,6.1375,6.6375,7.2375],"rotation":0,"texture":"#0","tintindex":0},"east":{"uv":[6.1375,3.5125,7.2375,3.7375],"rotation":0,"texture":"#0","tintindex":0},"north":{"uv":[6.8875,2.0125,6.9875,2.2375],"rotation":0,"texture":"#0","tintindex":0},"south":{"uv":[2.1375,6.8875,2.2375,7.1125],"rotation":0,"texture":"#0","tintindex":0},"up":{"uv":[3.2375,7.7375,3.1375,6.6375],"rotation":0,"texture":"#0","tintindex":0},"west":{"uv":[1.0125,6.3875,2.1125,6.6125],"rotation":0,"texture":"#0","tintindex":0}}},{"name":"cube","from":[7.034006,4.748178,6.5],"to":[7.634006,5.9481783,11.900001],"rotation":{"angle":0.0,"axis":"x","origin":[13.034007,-0.051821947,15.5]},"faces":{"down":{"uv":[6.8625,3.7625,6.7625,4.8625],"rotation":0,"texture":"#0","tintindex":0},"east":{"uv":[2.1375,6.3875,3.2375,6.6125],"rotation":0,"texture":"#0","tintindex":0},"north":{"uv":[2.2625,6.8875,2.3625,7.1125],"rotation":0,"texture":"#0","tintindex":0},"south":{"uv":[2.3875,6.8875,2.4875,7.1125],"rotation":0,"texture":"#0","tintindex":0},"up":{"uv":[6.8625,2.1125,6.7625,1.0125],"rotation":0,"texture":"#0","tintindex":0},"west":{"uv":[6.5125,0.0125,7.6125,0.2375],"rotation":0,"texture":"#0","tintindex":0}}},{"name":"cube","from":[7.634006,4.748178,5.3],"to":[18.434006,10.7481785,5.8999996],"rotation":{"angle":0.0,"axis":"x","origin":[13.034007,4.748178,8.9]},"faces":{"down":{"uv":[8.3625,3.3875,6.1375,3.4875],"rotation":0,"texture":"#0","tintindex":0},"east":{"uv":[1.0125,6.6375,1.1125,7.8625],"rotation":0,"texture":"#0","tintindex":0},"north":{"uv":[0.0125,3.0125,2.2375,4.2375],"rotation":0,"texture":"#0","tintindex":0},"south":{"uv":[0.0125,3.0125,2.2375,4.2375],"rotation":0,"texture":"#0","tintindex":0},"up":{"uv":[8.3625,3.3625,6.1375,3.2625],"rotation":0,"texture":"#0","tintindex":0},"west":{"uv":[6.6375,1.0125,6.7375,2.2375],"rotation":0,"texture":"#0","tintindex":0}}},{"name":"cube","from":[7.634006,4.748178,12.5],"to":[18.434006,10.7481785,13.1],"rotation":{"angle":0.0,"axis":"x","origin":[13.034007,4.748178,9.5]},"faces":{"down":{"uv":[8.3625,3.4875,6.1375,3.3875],"rotation":0,"texture":"#0","tintindex":0},"east":{"uv":[1.1125,6.6375,1.0125,7.8625],"rotation":0,"texture":"#0","tintindex":0},"north":{"uv":[2.2375,3.0125,0.0125,4.2375],"rotation":0,"texture":"#0","tintindex":0},"south":{"uv":[2.2375,3.0125,0.0125,4.2375],"rotation":0,"texture":"#0","tintindex":0},"up":{"uv":[8.3625,3.2625,6.1375,3.3625],"rotation":0,"texture":"#0","tintindex":0},"west":{"uv":[6.7375,1.0125,6.6375,2.2375],"rotation":0,"texture":"#0","tintindex":0}}},{"name":"cube","from":[13.6340065,2.7981782,12.2],"to":[14.834006,20.79818,13.400001],"rotation":{"angle":-45.0,"axis":"x","origin":[14.234007,11.798179,12.8]},"faces":{"down":{"uv":[6.9875,6.6375,6.7625,6.8625],"rotation":0,"texture":"#0","tintindex":0},"east":{"uv":[0.2625,5.6375,0.4875,9.3625],"rotation":0,"texture":"#0","tintindex":0},"north":{"uv":[0.0125,5.6375,0.2375,9.3625],"rotation":0,"texture":"#0","tintindex":0},"south":{"uv":[0.5125,5.6375,0.7375,9.3625],"rotation":0,"texture":"#0","tintindex":0},"up":{"uv":[6.9875,6.6125,6.7625,6.3875],"rotation":0,"texture":"#0","tintindex":0},"west":{"uv":[0.7625,5.6375,0.9875,9.3625],"rotation":0,"texture":"#0","tintindex":0}}},{"name":"cube","from":[14.234007,20.79818,12.2],"to":[14.234007,26.79818,14.6],"rotation":{"angle":-45.0,"axis":"x","origin":[14.234007,11.798179,12.8]},"faces":{"down":{"uv":[0.0125,0.0125,0.0125,0.4875],"rotation":0,"texture":"#0","tintindex":0},"east":{"uv":[6.6125,1.2625,6.1375,2.4875],"rotation":0,"texture":"#0","tintindex":0},"north":{"uv":[0.0125,0.0125,0.0125,1.2375],"rotation":0,"texture":"#0","tintindex":0},"south":{"uv":[0.0125,0.0125,0.0125,1.2375],"rotation":0,"texture":"#0","tintindex":0},"up":{"uv":[0.0125,0.4875,0.0125,0.0125],"rotation":0,"texture":"#0","tintindex":0},"west":{"uv":[6.1375,1.2625,6.6125,2.4875],"rotation":0,"texture":"#0","tintindex":0}}},{"name":"cube","from":[7.634006,10.7481785,5.8999996],"to":[18.434006,10.7481785,12.5],"rotation":{"angle":0.0,"axis":"x","origin":[13.034007,4.748178,8.9]},"faces":{"down":{"uv":[2.2375,0.1375,0.0125,1.4875],"rotation":0,"texture":"#0","tintindex":0},"east":{"uv":[0.0125,0.0125,1.4875,0.0125],"rotation":0,"texture":"#0","tintindex":0},"north":{"uv":[0.0125,0.0125,2.2375,0.0125],"rotation":0,"texture":"#0","tintindex":0},"south":{"uv":[0.0125,0.0125,2.2375,0.0125],"rotation":0,"texture":"#0","tintindex":0},"up":{"uv":[2.2375,1.4875,0.0125,0.1375],"rotation":0,"texture":"#0","tintindex":0},"west":{"uv":[0.0125,0.0125,1.4875,0.0125],"rotation":0,"texture":"#0","tintindex":0}}},{"name":"cube","from":[11.894006,11.048179,4.7],"to":[19.094006,11.048179,9.5],"rotation":{"angle":0.0,"axis":"x","origin":[13.094006,4.748178,8.9]},"faces":{"down":{"uv":[6.7375,3.8875,5.2625,4.8625],"rotation":0,"texture":"#0","tintindex":0},"east":{"uv":[0.0125,0.0125,0.9875,0.0125],"rotation":0,"texture":"#0","tintindex":0},"north":{"uv":[0.0125,0.0125,1.4875,0.0125],"rotation":0,"texture":"#0","tintindex":0},"south":{"uv":[0.0125,0.0125,1.4875,0.0125],"rotation":0,"texture":"#0","tintindex":0},"up":{"uv":[6.7375,4.8625,5.2625,3.8875],"rotation":0,"texture":"#0","tintindex":0},"west":{"uv":[0.0125,0.0125,0.9875,0.0125],"rotation":0,"texture":"#0","tintindex":0}}},{"name":"cube","from":[10.094006,4.950573,-2.6257114],"to":[19.094006,4.950573,3.9742894],"rotation":{"angle":0.0,"axis":"x","origin":[13.094006,-1.3494267,1.5742892]},"faces":{"down":{"uv":[1.8625,4.2625,0.0125,5.6125],"rotation":0,"texture":"#0","tintindex":0},"east":{"uv":[0.0125,0.0125,1.3625,0.0125],"rotation":0,"texture":"#0","tintindex":0},"north":{"uv":[0.0125,0.0125,1.8625,0.0125],"rotation":0,"texture":"#0","tintindex":0},