{"textures":{"0":"modelengine:entity/queen"},"elements":[{"name":"cube","from":[5.494111,7.0706835,4.7272487],"to":[10.294111,11.870684,9.527248],"rotation":{"angle":0.0,"axis":"x","origin":[7.294111,-9.129317,7.127249]},"faces":{"down":{"uv":[6.8625,5.7625,5.8875,6.7375],"rotation":0,"texture":"#0","tintindex":0},"east":{"uv":[5.7625,3.7625,6.7375,4.7375],"rotation":0,"texture":"#0","tintindex":0},"north":{"uv":[5.3875,2.7625,6.3625,3.7375],"rotation":0,"texture":"#0","tintindex":0},"south":{"uv":[3.8875,5.7625,4.8625,6.7375],"rotation":0,"texture":"#0","tintindex":0},"up":{"uv":[5.8625,6.7375,4.8875,5.7625],"rotation":0,"texture":"#0","tintindex":0},"west":{"uv":[5.7625,4.7625,6.7375,5.7375],"rotation":0,"texture":"#0","tintindex":0}}},{"name":"cube","from":[7.294111,8.743519,4.392054],"to":[8.49411,9.94352,5.592054],"rotation":{"angle":22.5,"axis":"x","origin":[7.894111,9.470684,4.427249]},"faces":{"down":{"uv":[8.6125,4.5125,8.3875,4.7375],"rotation":0,"texture":"#0","tintindex":0},"east":{"uv":[2.6375,6.0125,2.8625,6.2375],"rotation":0,"texture":"#0","tintindex":0},"north":{"uv":[3.2625,5.0125,3.4875,5.2375],"rotation":0,"texture":"#0","tintindex":0},"south":{"uv":[3.0125,7.1375,3.2375,7.3625],"rotation":0,"texture":"#0","tintindex":0},"up":{"uv":[5.8625,7.4875,5.6375,7.2625],"rotation":0,"texture":"#0","tintindex":0},"west":{"uv":[5.3875,7.2625,5.6125,7.4875],"rotation":0,"texture":"#0","tintindex":0}}},{"name":"cube","from":[6.000885,11.860206,4.127249],"to":[10.800884,14.260205,11.027248],"rotation":{"angle":-22.5,"axis":"z","origin":[6.000885,11.560205,5.027249]},"faces":{"down":{"uv":[4.4875,3.7625,3.5125,5.2375],"rotation":0,"texture":"#0","tintindex":0},"east":{"uv":[6.5125,1.2625,7.9875,1.7375],"rotation":0,"texture":"#0","tintindex":0},"north":{"uv":[7.7625,7.3875,8.7375,7.8625],"rotation":0,"texture":"#0","tintindex":0},"south":{"uv":[7.7625,7.8875,8.7375,8.3625],"rotation":0,"texture":"#0","tintindex":0},"up":{"uv":[4.4875,3.7375,3.5125,2.2625],"rotation":0,"texture":"#0","tintindex":0},"west":{"uv":[4.5125,6.7625,5.9875,7.2375],"rotation":0,"texture":"#0","tintindex":0}}},{"name":"cube","from":[4.594111,10.520683,4.427249],"to":[5.7941103,12.920684,11.027248],"rotation":{"angle":-22.5,"axis":"z","origin":[5.494111,11.120684,5.927249]},"faces":{"down":{"uv":[6.9875,8.3875,6.7625,9.7375],"rotation":0,"texture":"#0","tintindex":0},"east":{"uv":[6.8875,5.7625,8.2375,6.2375],"rotation":0,"texture":"#0","tintindex":0},"north":{"uv":[3.6375,6.2625,3.8625,6.7375],"rotation":0,"texture":"#0","tintindex":0},"south":{"uv":[2.0125,7.5125,2.2375,7.9875],"rotation":0,"texture":"#0","tintindex":0},"up":{"uv":[1.9875,9.4875,1.7625,8.1375],"rotation":0,"texture":"#0","tintindex":0},"west":{"uv":[6.8875,6.2625,8.2375,6.7375],"rotation":0,"texture":"#0","tintindex":0}}},{"name":"cube","from":[6.0941105,12.470684,5.927249],"to":[9.694111,14.870684,9.527248],"rotation":{"angle":0.0,"axis":"x","origin":[7.894111,14.870684,7.727249]},"faces":{"down":{"uv":[8.3625,3.2625,7.6375,3.9875],"rotation":0,"texture":"#0","tintindex":0},"east":{"uv":[8.3875,2.5125,9.1125,2.9875],"rotation":0,"texture":"#0","tintindex":0},"north":{"uv":[8.3875,0.2625,9.1125,0.7375],"rotation":0,"texture":"#0","tintindex":0},"south":{"uv":[8.3875,3.0125,9.1125,3.4875],"rotation":0,"texture":"#0","tintindex":0},"up":{"uv":[8.3625,3.2375,7.6375,2.5125],"rotation":0,"texture":"#0","tintindex":0},"west":{"uv":[8.3875,3.5125,9.1125,3.9875],"rotation":0,"texture":"#0","tintindex":0}}},{"name":"cube","from":[6.0941105,14.870684,9.527248],"to":[9.694111,17.270683,9.527248],"rotation":{"angle":0.0,"axis":"x","origin":[7.894111,14.870684,7.727249]},"faces":{"down":{"uv":[7.1125,7.6375,6.3875,8.3625],"rotation":0,"texture":"#0","tintindex":0},"east":{"uv":[8.3875,4.0125,9.1125,4.4875],"rotation":0,"texture":"#0","tintindex":0},"north":{"uv":[3.7625,8.3875,4.4875,8.8625],"rotation":0,"texture":"#0","tintindex":0},"south":{"uv":[4.5125,8.3875,5.2375,8.8625],"rotation":0,"texture":"#0","tintindex":0},"up":{"uv":[8.3625,4.7375,7.6375,4.0125],"rotation":0,"texture":"#0","tintindex":0},"west":{"uv":[5.2625,8.3875,5.9875,8.8625],"rotation":0,"texture":"#0","tintindex":0}}},{"name":"cube","from":[6.0941105,14.870684,5.927249],"to":[9.694111,17.270683,5.927249],"rotation":{"angle":0.0,"axis":"x","origin":[7.894111,14.870684,7.727249]},"faces":{"down":{"uv":[7.1125,7.6375,6.3875,8.3625],"rotation":0,"texture":"#0","tintindex":0},"east":{"uv":[8.3875,4.0125,9.1125,4.4875],"rotation":0,"texture":"#0","tintindex":0},"north":{"uv":[3.7625,8.3875,4.4875,8.8625],"rotation":0,"texture":"#0","tintindex":0},"south":{"uv":[4.5125,8.3875,5.2375,8.8625],"rotation":0,"texture":"#0","tintindex":0},"up":{"uv":[8.3625,4.7375,7.6375,4.0125],"rotation":0,"texture":"#0","tintindex":0},"west":{"uv":[5.2625,8.3875,5.9875,8.8625],"rotation":0,"texture":"#0","tintindex":0}}},{"name":"cube","from":[9.694111,14.870684,5.927249],"to":[9.694111,17.270683,9.527248],"rotation":{"angle":0.0,"axis":"x","origin":[7.894111,14.870684,7.727249]},"faces":{"down":{"uv":[7.1125,7.6375,6.3875,8.3625],"rotation":0,"texture":"#0","tintindex":0},"east":{"uv":[8.3875,4.0125,9.1125,4.4875],"rotation":0,"texture":"#0","tintindex":0},"north":{"uv":[3.7625,8.3875,4.4875,8.8625],"rotation":0,"texture":"#0","tintindex":0},"south":{"uv":[4.5125,8.3875,5.2375,8.8625],"rotation":0,"texture":"#0","tintindex":0},"up":{"uv":[8.3625,4.7375,7.6375,4.0125],"rotation":0,"texture":"#0","tintindex":0},"west":{"uv":[5.2625,8.3875,5.9875,8.8625],"rotation":0,"texture":"#0","tintindex":0}}},{"name":"cube","from":[6.0941105,14.870684,5.927249],"to":[6.0941105,17.270683,9.527248],"rotation":{"angle":0.0,"axis":"x","origin":[7.894111,14.870684,7.727249]},"faces":{"down":{"uv":[7.1125,7.6375,6.3875,8.3625],"rotation":0,"texture":"#0","tintindex":0},"east":{"uv":[8.3875,4.0125,9.1125,4.4875],"rotation":0,"texture":"#0","tintindex":0},"north":{"uv":[3.7625,8.3875,4.4875,8.8625],"rotation":0,"texture":"#0","tintindex":0},"south":{"uv":[4.5125,8.3875,5.2375,8.8625],"rotation":0,"texture":"#0","tintindex":0},"up":{"uv":[8.3625,4.7375,7.6375,4.0125],"rotation":0,"texture":"#0","tintindex":0},"west":{"uv":[5.2625,8.3875,5.9875,8.8625],"rotation":0,"texture":"#0","tintindex":0}}},{"name":"cube","from":[5.194111,7.2206836,8.32725],"to":[10.594111,11.420684,11.32725],"rotation":{"angle":-22.5,"axis":"x","origin":[7.894111,9.170684,8.32725]},"faces":{"down":{"uv":[2.2375,6.8875,1.1375,7.4875],"rotation":0,"texture":"#0","tintindex":0},"east":{"uv":[7.1375,7.6375,7.7375,8.4875],"rotation":0,"texture":"#0","tintindex":0},"north":{"uv":[0.0125,6.0125,1.1125,6.8625],"rotation":0,"texture":"#0","tintindex":0},"south":{"uv":[1.1375,6.0125,2.2375,6.8625],"rotation":0,"texture":"#0","tintindex":0},"up":{"uv":[1.1125,7.4875,0.0125,6.8875],"rotation":0,"texture":"#0","tintindex":0},"west":{"uv":[7.7625,0.0125,8.3625,0.8625],"rotation":0,"texture":"#0","tintindex":0}}},{"name":"cube","from":[5.7941103,9.020683,11.32725],"to":[9.99411,13.220684,14.927249],"rotation":{"angle":-22.5,"axis":"x","origin":[7.894111,9.170684,8.927249]},"faces":{"down":{"uv":[8.2375,1.7625,7.3875,2.4875],"rotation":0,"texture":"#0","tintindex":0},"east":{"uv":[7.0125,6.7625,7.7375,7.6125],"rotation":0,"texture":"#0","tintindex":0},"north":{"uv":[6.7625,3.2625,7.6125,4.1125],"rotation":0,"texture":"#0","tintindex":0},"south":{"uv":[6.7625,4.1375,7.6125,4.9875],"rotation":0,"texture":"#0","tintindex":0},"up":{"uv":[5.3625,7.9875,4.5125,7.2625],"rotation":0,"texture":"#0","tintindex":0},"west":{"uv":[2.2625,7.1375,2.9875,7.9875],"rotation":0,"texture":"#0","tintindex":0}}},{"name":"cube","from":[10.096558,8.5706835,6.8963814],"to":[10.696557,10.370684,8.096382],"rotation":{"angle":22.5,"axis":"y","origin":[10.396557,7.670684,7.4963818]},"faces":{"down":{"uv":[7.7375,4.7625,7.6375,4.9875],"rotation":0,"texture":"#0","tintindex":0},"east":{"uv":[7.7625,0.8875,7.9875,1.2375],"rotation":0,"texture":"#0","tintindex":0},