{"textures":{"0":"modelengine:entity/fisherman","1":"modelengine:entity/herobrine_bobber"},"elements":[{"name":"cube","from":[8.0,5.6,6.8],"to":[9.2,8.0,9.2],"rotation":{"angle":0.0,"axis":"x","origin":[2.6,14.0,8.6]},"faces":{"down":{"uv":[2.2625,7.7625,2.4875,8.2375],"rotation":0,"texture":"#0","tintindex":0},"east":{"uv":[4.7375,3.5125,4.2625,3.9875],"rotation":0,"texture":"#0","tintindex":0},"north":{"uv":[4.9875,3.5125,4.7625,3.9875],"rotation":0,"texture":"#0","tintindex":0},"south":{"uv":[6.7375,1.5125,6.5125,1.9875],"rotation":0,"texture":"#0","tintindex":0},"up":{"uv":[7.7625,1.8625,7.9875,1.3875],"rotation":0,"texture":"#0","tintindex":0},"west":{"uv":[1.6125,2.5125,1.1375,2.9875],"rotation":0,"texture":"#0","tintindex":0}}},{"name":"cube","from":[6.8,6.8,6.8],"to":[8.0,8.0,8.0],"rotation":{"angle":0.0,"axis":"x","origin":[2.6,14.0,8.6]},"faces":{"down":{"uv":[4.8875,7.8875,5.1125,8.1125],"rotation":0,"texture":"#0","tintindex":0},"east":{"uv":[4.6125,7.8875,4.3875,8.1125],"rotation":0,"texture":"#0","tintindex":0},"north":{"uv":[4.9875,5.0125,4.7625,5.2375],"rotation":0,"texture":"#0","tintindex":0},"south":{"uv":[8.1125,4.2625,7.8875,4.4875],"rotation":0,"texture":"#0","tintindex":0},"up":{"uv":[4.6375,8.1125,4.8625,7.8875],"rotation":0,"texture":"#0","tintindex":0},"west":{"uv":[8.1125,3.1375,7.8875,3.3625],"rotation":0,"texture":"#0","tintindex":0}}},{"name":"cube","from":[8.0,2.2999997,-13.000001],"to":[8.0,6.5,4.3999996],"rotation":{"angle":0.0,"axis":"x","origin":[2.2999997,1.9999998,7.4]},"faces":{"down":{"uv":[0.0125,0.0125,0.0125,3.6125],"rotation":0,"texture":"#0","tintindex":0},"east":{"uv":[0.0125,10.5125,3.6125,11.3625],"rotation":0,"texture":"#0","tintindex":0},"north":{"uv":[0.0125,0.0125,0.0125,0.8625],"rotation":0,"texture":"#0","tintindex":0},"south":{"uv":[0.0125,0.0125,0.0125,0.8625],"rotation":0,"texture":"#0","tintindex":0},"up":{"uv":[0.0125,0.0125,0.0125,3.6125],"rotation":0,"texture":"#0","tintindex":0},"west":{"uv":[3.6125,10.5125,0.0125,11.3625],"rotation":0,"texture":"#0","tintindex":0}}},{"name":"cube","from":[7.55,6.2,5.0],"to":[8.75,7.4,11.0],"rotation":{"angle":0.0,"axis":"x","origin":[2.6,14.0,8.6]},"faces":{"down":{"uv":[5.1375,7.1375,5.3625,8.3625],"rotation":0,"texture":"#0","tintindex":0},"east":{"uv":[8.2375,3.6375,7.0125,3.8625],"rotation":0,"texture":"#0","tintindex":0},"north":{"uv":[8.1125,5.0125,7.8875,5.2375],"rotation":0,"texture":"#0","tintindex":0},"south":{"uv":[8.1125,5.2625,7.8875,5.4875],"rotation":0,"texture":"#0","tintindex":0},"up":{"uv":[3.7625,8.3625,3.9875,7.1375],"rotation":0,"texture":"#0","tintindex":0},"west":{"uv":[8.2375,3.3875,7.0125,3.6125],"rotation":0,"texture":"#0","tintindex":0}}},{"name":"cube","from":[6.6499996,4.7,2.6],"to":[7.85,7.1,5.0],"rotation":{"angle":0.0,"axis":"x","origin":[2.6,14.0,8.6]},"faces":{"down":{"uv":[7.7625,5.7625,7.9875,6.2375],"rotation":0,"texture":"#0","tintindex":0},"east":{"uv":[1.4875,7.3875,1.0125,7.8625],"rotation":0,"texture":"#0","tintindex":0},"north":{"uv":[3.2375,7.7625,3.0125,8.2375],"rotation":0,"texture":"#0","tintindex":0},"south":{"uv":[3.4875,7.7625,3.2625,8.2375],"rotation":0,"texture":"#0","tintindex":0},"up":{"uv":[3.5125,8.2375,3.7375,7.7625],"rotation":0,"texture":"#0","tintindex":0},"west":{"uv":[7.7375,1.5125,7.2625,1.9875],"rotation":0,"texture":"#0","tintindex":0}}},{"name":"cube","from":[5.45,6.5,2.6],"to":[6.6499996,7.1,3.1999998],"rotation":{"angle":0.0,"axis":"x","origin":[2.6,14.0,8.6]},"faces":{"down":{"uv":[7.0125,7.8875,7.2375,7.9875],"rotation":0,"texture":"#0","tintindex":0},"east":{"uv":[7.3625,7.8875,7.2625,7.9875],"rotation":0,"texture":"#0","tintindex":0},"north":{"uv":[1.2375,7.2625,1.0125,7.3625],"rotation":0,"texture":"#0","tintindex":0},"south":{"uv":[8.1125,0.7625,7.8875,0.8625],"rotation":0,"texture":"#0","tintindex":0},"up":{"uv":[7.8875,4.6125,8.1125,4.5125],"rotation":0,"texture":"#0","tintindex":0},"west":{"uv":[0.9875,7.7625,0.8875,7.8625],"rotation":0,"texture":"#0","tintindex":0}}},{"name":"cube","from":[7.85,6.5,-12.400001],"to":[8.45,7.1,5.0],"rotation":{"angle":0.0,"axis":"x","origin":[2.6,14.0,8.6]},"faces":{"down":{"uv":[4.2625,6.2625,4.3625,9.8625],"rotation":0,"texture":"#0","tintindex":0},"east":{"uv":[9.9875,3.0125,6.3875,3.1125],"rotation":0,"texture":"#0","tintindex":0},"north":{"uv":[5.8625,3.3875,5.7625,3.4875],"rotation":0,"texture":"#0","tintindex":0},"south":{"uv":[7.7375,1.3875,7.6375,1.4875],"rotation":0,"texture":"#0","tintindex":0},"up":{"uv":[4.1375,9.8625,4.2375,6.2625],"rotation":0,"texture":"#0","tintindex":0},"west":{"uv":[9.9875,2.8875,6.3875,2.9875],"rotation":0,"texture":"#0","tintindex":0}}},{"name":"cube","from":[7.25,5.0,-0.10000038],"to":[9.05,6.8,-0.10000038],"rotation":{"angle":0.0,"axis":"x","origin":[2.6,14.3,8.9]},"faces":{"down":{"uv":[4.2625,6.2625,4.3625,9.8625],"rotation":0,"texture":"#0","tintindex":0},"east":{"uv":[6.3875,3.0125,6.3875,3.3875],"rotation":0,"texture":"#0","tintindex":0},"north":{"uv":[0.3625,8.6375,0.0125,8.9875],"rotation":0,"texture":"#0","tintindex":0},"south":{"uv":[0.375,8.6375,0.0125,8.9875],"rotation":0,"texture":"#0","tintindex":0},"up":{"uv":[4.1375,9.8625,4.2375,6.2625],"rotation":0,"texture":"#0","tintindex":0},"west":{"uv":[9.9875,2.8875,6.3875,2.9875],"rotation":0,"texture":"#0","tintindex":0}}},{"name":"cube","from":[7.25,5.0,-4.9000006],"to":[9.05,6.8,-4.9000006],"rotation":{"angle":0.0,"axis":"x","origin":[2.6,14.3,4.1]},"faces":{"down":{"uv":[4.2625,6.2625,4.3625,9.8625],"rotation":0,"texture":"#0","tintindex":0},"east":{"uv":[6.3875,3.0125,6.3875,3.3875],"rotation":0,"texture":"#0","tintindex":0},"north":{"uv":[0.3625,8.6375,0.0125,8.9875],"rotation":0,"texture":"#0","tintindex":0},"south":{"uv":[0.375,8.6375,0.0125,8.9875],"rotation":0,"texture":"#0","tintindex":0},"up":{"uv":[4.1375,9.8625,4.2375,6.2625],"rotation":0,"texture":"#0","tintindex":0},"west":{"uv":[9.9875,2.8875,6.3875,2.9875],"rotation":0,"texture":"#0","tintindex":0}}},{"name":"cube","from":[7.25,5.0,-9.1],"to":[9.05,6.8,-9.1],"rotation":{"angle":0.0,"axis":"x","origin":[2.6,14.3,-0.10000038]},"faces":{"down":{"uv":[4.2625,6.2625,4.3625,9.8625],"rotation":0,"texture":"#0","tintindex":0},"east":{"uv":[6.3875,3.0125,6.3875,3.3875],"rotation":0,"texture":"#0","tintindex":0},"north":{"uv":[0.3625,8.6375,0.0125,8.9875],"rotation":0,"texture":"#0","tintindex":0},"south":{"uv":[0.375,8.6375,0.0125,8.9875],"rotation":0,"texture":"#0","tintindex":0},"up":{"uv":[4.1375,9.8625,4.2375,6.2625],"rotation":0,"texture":"#0","tintindex":0},"west":{"uv":[9.9875,2.8875,6.3875,2.9875],"rotation":0,"texture":"#0","tintindex":0}}}],"display":{"head":{"translation":[0.0,-6.4,0.0],"rotation":[0.0,0.0,0.0],"scale":[3.8095,3.8095,3.8095]}}}