{"textures":{"0":"modelengine:entity/fisherman","1":"modelengine:entity/herobrine_bobber"},"elements":[{"name":"cube","from":[5.898884,6.7979674,5.07025],"to":[10.698885,11.597968,9.870251],"rotation":{"angle":0.0,"axis":"x","origin":[7.998884,-7.6020327,7.47025]},"faces":{"down":{"uv":[5.2375,2.5125,4.2625,3.4875],"rotation":0,"texture":"#0","tintindex":0},"east":{"uv":[1.0125,4.0125,1.9875,4.9875],"rotation":0,"texture":"#0","tintindex":0},"north":{"uv":[0.0125,4.0125,0.9875,4.9875],"rotation":0,"texture":"#0","tintindex":0},"south":{"uv":[2.0125,4.0125,2.9875,4.9875],"rotation":0,"texture":"#0","tintindex":0},"up":{"uv":[4.9875,4.9875,4.0125,4.0125],"rotation":0,"texture":"#0","tintindex":0},"west":{"uv":[3.0125,4.0125,3.9875,4.9875],"rotation":0,"texture":"#0","tintindex":0}}},{"name":"cube","from":[7.698884,7.9979677,3.87025],"to":[8.898884,9.797968,5.67025],"rotation":{"angle":-22.5,"axis":"x","origin":[8.298884,8.897967,4.47025]},"faces":{"down":{"uv":[7.9875,7.0125,7.7625,7.3625],"rotation":0,"texture":"#0","tintindex":0},"east":{"uv":[7.5125,0.5125,7.8625,0.8625],"rotation":0,"texture":"#0","tintindex":0},"north":{"uv":[4.5125,5.7625,4.7375,6.1125],"rotation":0,"texture":"#0","tintindex":0},"south":{"uv":[7.7625,4.6375,7.9875,4.9875],"rotation":0,"texture":"#0","tintindex":0},"up":{"uv":[7.9875,6.6125,7.7625,6.2625],"rotation":0,"texture":"#0","tintindex":0},"west":{"uv":[7.3875,7.5125,7.7375,7.8625],"rotation":0,"texture":"#0","tintindex":0}}},{"name":"cube","from":[9.198884,6.6479673,2.37025],"to":[9.798884,7.2479677,4.77025],"rotation":{"angle":-22.5,"axis":"x","origin":[9.498884,7.9979677,2.67025]},"faces":{"down":{"uv":[6.8625,5.7625,6.7625,6.2375],"rotation":0,"texture":"#0","tintindex":0},"east":{"uv":[7.7625,1.8875,8.2375,1.9875],"rotation":0,"texture":"#0","tintindex":0},"north":{"uv":[7.3875,7.8875,7.4875,7.9875],"rotation":0,"texture":"#0","tintindex":0},"south":{"uv":[7.5125,7.8875,7.6125,7.9875],"rotation":0,"texture":"#0","tintindex":0},"up":{"uv":[4.4875,6.7375,4.3875,6.2625],"rotation":0,"texture":"#0","tintindex":0},"west":{"uv":[7.7625,6.6375,8.2375,6.7375],"rotation":0,"texture":"#0","tintindex":0}}},{"name":"cube","from":[8.898884,6.6479673,1.1702499],"to":[10.098885,8.447968,2.37025],"rotation":{"angle":-22.5,"axis":"x","origin":[9.498884,7.9979677,2.67025]},"faces":{"down":{"uv":[6.2375,7.8875,6.0125,8.1125],"rotation":0,"texture":"#0","tintindex":0},"east":{"uv":[2.0125,7.8875,2.2375,8.2375],"rotation":0,"texture":"#0","tintindex":0},"north":{"uv":[1.7625,7.8875,1.9875,8.2375],"rotation":0,"texture":"#0","tintindex":0},"south":{"uv":[7.8875,2.3875,8.1125,2.7375],"rotation":0,"texture":"#0","tintindex":0},"up":{"uv":[8.1125,5.7375,7.8875,5.5125],"rotation":0,"texture":"#0","tintindex":0},"west":{"uv":[7.8875,3.8875,8.1125,4.2375],"rotation":0,"texture":"#0","tintindex":0}}},{"name":"cube","from":[5.598884,6.1979675,4.77025],"to":[10.998884,8.597967,6.57025],"rotation":{"angle":0.0,"axis":"x","origin":[8.298884,-7.6020327,7.17025]},"faces":{"down":{"uv":[7.8625,2.3875,6.7625,2.7375],"rotation":0,"texture":"#0","tintindex":0},"east":{"uv":[1.5125,7.3875,1.8625,7.8625],"rotation":0,"texture":"#0","tintindex":0},"north":{"uv":[5.3875,1.5125,6.4875,1.9875],"rotation":0,"texture":"#0","tintindex":0},"south":{"uv":[5.6375,5.2625,6.7375,5.7375],"rotation":0,"texture":"#0","tintindex":0},"up":{"uv":[7.7375,4.9875,6.6375,4.6375],"rotation":0,"texture":"#0","tintindex":0},"west":{"uv":[1.8875,7.3875,2.2375,7.8625],"rotation":0,"texture":"#0","tintindex":0}}},{"name":"cube","from":[5.598884,3.8893118,4.31103],"to":[10.998884,6.289312,4.31103],"rotation":{"angle":22.5,"axis":"x","origin":[9.198884,5.0893116,4.31103]},"faces":{"down":{"uv":[1.1125,0.0125,0.0125,0.0125],"rotation":0,"texture":"#0","tintindex":0},"east":{"uv":[0.0125,0.0125,0.0125,0.4875],"rotation":0,"texture":"#0","tintindex":0},"north":{"uv":[0.0125,2.5125,1.1125,2.9875],"rotation":0,"texture":"#0","tintindex":0},"south":{"uv":[0.0125,2.5125,1.1,2.9875],"rotation":0,"texture":"#0","tintindex":0},"up":{"uv":[1.1125,0.0125,0.0125,0.0125],"rotation":0,"texture":"#0","tintindex":0},"west":{"uv":[0.0125,0.0125,0.0125,0.4875],"rotation":0,"texture":"#0","tintindex":0}}},{"name":"cube","from":[4.362488,6.1979675,6.9066463],"to":[6.162488,10.397968,6.9066463],"rotation":{"angle":45.0,"axis":"y","origin":[5.262488,8.297968,6.9066463]},"faces":{"down":{"uv":[0.3625,0.0125,0.0125,0.0125],"rotation":0,"texture":"#0","tintindex":0},"east":{"uv":[0.0125,0.0125,0.0125,0.8625],"rotation":0,"texture":"#0","tintindex":0},"north":{"uv":[4.3875,7.0125,4.7375,7.8625],"rotation":0,"texture":"#0","tintindex":0},"south":{"uv":[4.7375,7.0125,4.3875,7.8625],"rotation":0,"texture":"#0","tintindex":0},"up":{"uv":[0.3625,0.0125,0.0125,0.0125],"rotation":0,"texture":"#0","tintindex":0},"west":{"uv":[0.0125,0.0125,0.0125,0.8625],"rotation":0,"texture":"#0","tintindex":0}}},{"name":"cube","from":[10.43528,6.1979675,6.9066463],"to":[12.235281,10.397968,6.9066463],"rotation":{"angle":-45.0,"axis":"y","origin":[11.33528,8.297968,6.9066463]},"faces":{"down":{"uv":[0.0125,0.0125,0.3625,0.0125],"rotation":0,"texture":"#0","tintindex":0},"east":{"uv":[0.0125,0.0125,0.0125,0.8625],"rotation":0,"texture":"#0","tintindex":0},"north":{"uv":[4.7375,7.0125,4.3875,7.8625],"rotation":0,"texture":"#0","tintindex":0},"south":{"uv":[4.3875,7.0125,4.7375,7.8625],"rotation":0,"texture":"#0","tintindex":0},"up":{"uv":[0.0125,0.0125,0.3625,0.0125],"rotation":0,"texture":"#0","tintindex":0},"west":{"uv":[0.0125,0.0125,0.0125,0.8625],"rotation":0,"texture":"#0","tintindex":0}}},{"name":"cube","from":[5.6464376,8.597967,6.939383],"to":[6.246438,10.397968,8.139383],"rotation":{"angle":-22.5,"axis":"y","origin":[5.946438,9.497968,7.539383]},"faces":{"down":{"uv":[4.4875,6.7625,4.3875,6.9875],"rotation":0,"texture":"#0","tintindex":0},"east":{"uv":[7.7625,7.3875,7.9875,7.7375],"rotation":0,"texture":"#0","tintindex":0},"north":{"uv":[6.5125,7.6375,6.6125,7.9875],"rotation":0,"texture":"#0","tintindex":0},"south":{"uv":[6.2625,7.8875,6.3625,8.2375],"rotation":0,"texture":"#0","tintindex":0},"up":{"uv":[6.7375,5.2375,6.6375,5.0125],"rotation":0,"texture":"#0","tintindex":0},"west":{"uv":[7.7625,7.7625,7.9875,8.1125],"rotation":0,"texture":"#0","tintindex":0}}},{"name":"cube","from":[10.351331,8.597967,6.939383],"to":[10.95133,10.397968,8.139383],"rotation":{"angle":22.5,"axis":"y","origin":[10.051331,9.497968,7.539383]},"faces":{"down":{"uv":[4.3875,6.7625,4.4875,6.9875],"rotation":0,"texture":"#0","tintindex":0},"east":{"uv":[7.9875,7.7625,7.7625,8.1125],"rotation":0,"texture":"#0","tintindex":0},"north":{"uv":[6.6125,7.6375,6.5125,7.9875],"rotation":0,"texture":"#0","tintindex":0},"south":{"uv":[6.3625,7.8875,6.2625,8.2375],"rotation":0,"texture":"#0","tintindex":0},"up":{"uv":[6.6375,5.2375,6.7375,5.0125],"rotation":0,"texture":"#0","tintindex":0},"west":{"uv":[7.9875,7.3875,7.7625,7.7375],"rotation":0,"texture":"#0","tintindex":0}}},{"name":"cube","from":[5.598884,10.397968,6.2702503],"to":[10.998884,12.797968,10.47025],"rotation":{"angle":0.0,"axis":"x","origin":[7.698884,-4.0020328,7.47025]},"faces":{"down":{"uv":[2.2375,5.0125,1.1375,5.8625],"rotation":0,"texture":"#0","tintindex":0},"east":{"uv":[3.3875,2.5125,4.2375,2.9875],"rotation":0,"texture":"#0","tintindex":0},"north":{"uv":[2.2625,5.7625,3.3625,6.2375],"rotation":0,"texture":"#0","tintindex":0},"south":{"uv":[3.3875,5.7625,4.4875,6.2375],"rotation":0,"texture":"#0","tintindex":0},"up":{"uv":[1.1125,5.8625,0.0125,5.0125],"rotation":0,"texture":"#0","tintindex":0},"west":{"uv":[4.3875,2.0125,5.2375,2.4875],"rotation":0,"texture":"#0","tintindex":0}}},{"name":"cube","from":[5.598884,10.397968,3.87025],"to":[10.998884,12.197968,6.2702503],"rotation":{"angle":0.0,"axis":"x","origin":[7.698884,-4.0020328,3.87025]},"faces":{"down":{"uv":[1.1125,5.8875,0.0125,6.3625],"rotation":0,"texture":"#0","tintindex":0},"east":{"uv":[7.3875,3.8875,7.8625,4.2375],"rotation":0,