{"textures":{"0":"modelengine:entity/lumberjack"},"elements":[{"name":"cube","from":[7.4,5.5999994,6.2],"to":[9.2,8.0,9.8],"rotation":{"angle":0.0,"axis":"x","origin":[13.400001,13.400001,6.8]},"faces":{"down":{"uv":[3.1125,6.8875,2.7625,7.6125],"rotation":0,"texture":"#0","tintindex":0},"east":{"uv":[6.2625,6.2625,6.9875,6.7375],"rotation":0,"texture":"#0","tintindex":0},"north":{"uv":[7.3875,0.0125,7.7375,0.4875],"rotation":0,"texture":"#0","tintindex":0},"south":{"uv":[1.7625,7.3875,2.1125,7.8625],"rotation":0,"texture":"#0","tintindex":0},"up":{"uv":[3.8625,5.6125,3.5125,4.8875],"rotation":0,"texture":"#0","tintindex":0},"west":{"uv":[1.0125,6.3875,1.7375,6.8625],"rotation":0,"texture":"#0","tintindex":0}}},{"name":"cube","from":[9.2,6.8,6.2],"to":[10.4,8.0,8.6],"rotation":{"angle":0.0,"axis":"x","origin":[13.400001,13.400001,6.8]},"faces":{"down":{"uv":[7.4875,7.5125,7.2625,7.9875],"rotation":0,"texture":"#0","tintindex":0},"east":{"uv":[7.5125,2.0125,7.9875,2.2375],"rotation":0,"texture":"#0","tintindex":0},"north":{"uv":[7.6375,5.3875,7.8625,5.6125],"rotation":0,"texture":"#0","tintindex":0},"south":{"uv":[7.6375,6.1375,7.8625,6.3625],"rotation":0,"texture":"#0","tintindex":0},"up":{"uv":[7.2375,7.8625,7.0125,7.3875],"rotation":0,"texture":"#0","tintindex":0},"west":{"uv":[2.1375,7.5125,2.6125,7.7375],"rotation":0,"texture":"#0","tintindex":0}}}],"display":{"head":{"translation":[0.0,-6.4,0.0],"rotation":[0.0,0.0,0.0],"scale":[3.8095,3.8095,3.8095]}}}