{"textures":{"0":"modelengine:entity/lumberjack"},"elements":[{"name":"cube","from":[6.5,13.650267,5.841872],"to":[10.700001,15.450267,8.841873],"rotation":{"angle":-22.5,"axis":"x","origin":[8.6,11.250266,6.1418724]},"faces":{"down":{"uv":[6.2375,5.1375,5.3875,5.7375],"rotation":0,"texture":"#0","tintindex":0},"east":{"uv":[7.0125,4.6375,7.6125,4.9875],"rotation":0,"texture":"#0","tintindex":0},"north":{"uv":[1.7625,6.3875,2.6125,6.7375],"rotation":0,"texture":"#0","tintindex":0},"south":{"uv":[6.3875,4.0125,7.2375,4.3625],"rotation":0,"texture":"#0","tintindex":0},"up":{"uv":[1.9875,5.8625,1.1375,5.2625],"rotation":0,"texture":"#0","tintindex":0},"west":{"uv":[5.2625,7.0125,5.8625,7.3625],"rotation":0,"texture":"#0","tintindex":0}}},{"name":"cube","from":[5.3,8.850266,5.241873],"to":[11.900001,13.650267,9.441873],"rotation":{"angle":-22.5,"axis":"x","origin":[8.6,11.250266,6.1418724]},"faces":{"down":{"uv":[3.6125,0.0125,2.2625,0.8625],"rotation":0,"texture":"#0","tintindex":0},"east":{"uv":[0.0125,4.1375,0.8625,5.1125],"rotation":0,"texture":"#0","tintindex":0},"north":{"uv":[0.0125,1.2625,1.3625,2.2375],"rotation":0,"texture":"#0","tintindex":0},"south":{"uv":[1.3875,1.2625,2.7375,2.2375],"rotation":0,"texture":"#0","tintindex":0},"up":{"uv":[1.3625,3.1125,0.0125,2.2625],"rotation":0,"texture":"#0","tintindex":0},"west":{"uv":[4.1375,1.8875,4.9875,2.8625],"rotation":0,"texture":"#0","tintindex":0}}},{"name":"cube","from":[5.8999996,6.6958113,5.909115],"to":[11.3,10.295811,10.109116],"rotation":{"angle":0.0,"axis":"x","origin":[8.0,7.895811,7.4091153]},"faces":{"down":{"uv":[5.1125,3.8875,4.0125,4.7375],"rotation":0,"texture":"#0","tintindex":0},"east":{"uv":[4.8875,1.0125,5.7375,1.7375],"rotation":0,"texture":"#0","tintindex":0},"north":{"uv":[4.1375,2.8875,5.2375,3.6125],"rotation":0,"texture":"#0","tintindex":0},"south":{"uv":[0.8875,4.5125,1.9875,5.2375],"rotation":0,"texture":"#0","tintindex":0},"up":{"uv":[4.8625,1.8625,3.7625,1.0125],"rotation":0,"texture":"#0","tintindex":0},"west":{"uv":[2.6375,4.8875,3.4875,5.6125],"rotation":0,"texture":"#0","tintindex":0}}},{"name":"cube","from":[7.1,5.4958115,5.909115],"to":[10.1,6.6958113,10.109116],"rotation":{"angle":0.0,"axis":"x","origin":[8.0,7.895811,7.4091153]},"faces":{"down":{"uv":[3.2375,5.6375,2.6375,6.4875],"rotation":0,"texture":"#0","tintindex":0},"east":{"uv":[7.0125,6.5125,7.8625,6.7375],"rotation":0,"texture":"#0","tintindex":0},"north":{"uv":[6.1375,0.6375,6.7375,0.8625],"rotation":0,"texture":"#0","tintindex":0},"south":{"uv":[7.3875,3.7625,7.9875,3.9875],"rotation":0,"texture":"#0","tintindex":0},"up":{"uv":[6.1125,0.8625,5.5125,0.0125],"rotation":0,"texture":"#0","tintindex":0},"west":{"uv":[7.2625,1.0125,8.1125,1.2375],"rotation":0,"texture":"#0","tintindex":0}}}],"display":{"head":{"translation":[0.0,-6.4,0.0],"rotation":[0.0,0.0,0.0],"scale":[3.8095,3.8095,3.8095]}}}