{"textures":{"0":"modelengine:entity/jester"},"elements":[{"name":"cube","from":[5.6,6.946237,5.302514],"to":[10.4,11.746238,10.102514],"rotation":{"angle":0.0,"axis":"x","origin":[7.4,-7.3037634,6.502514]},"faces":{"down":{"uv":[2.9875,3.0125,2.0125,3.9875],"rotation":0,"texture":"#0","tintindex":0},"east":{"uv":[2.2625,1.0125,3.2375,1.9875],"rotation":0,"texture":"#0","tintindex":0},"north":{"uv":[2.2625,0.0125,3.2375,0.9875],"rotation":0,"texture":"#0","tintindex":0},"south":{"uv":[2.2625,2.0125,3.2375,2.9875],"rotation":0,"texture":"#0","tintindex":0},"up":{"uv":[1.9875,3.7375,1.0125,2.7625],"rotation":0,"texture":"#0","tintindex":0},"west":{"uv":[0.0125,2.5125,0.9875,3.4875],"rotation":0,"texture":"#0","tintindex":0}}},{"name":"cube","from":[5.6,5.296237,10.852514],"to":[10.4,11.896237,10.852514],"rotation":{"angle":-22.5,"axis":"x","origin":[8.0,8.446238,10.702515]},"faces":{"down":{"uv":[0.9875,0.0125,0.0125,0.0125],"rotation":0,"texture":"#0","tintindex":0},"east":{"uv":[0.0125,0.0125,0.0125,1.3625],"rotation":0,"texture":"#0","tintindex":0},"north":{"uv":[1.2625,1.3875,2.2375,2.7375],"rotation":0,"texture":"#0","tintindex":0},"south":{"uv":[1.2625,1.3875,2.2375,2.7375],"rotation":0,"texture":"#0","tintindex":0},"up":{"uv":[0.9875,0.0125,0.0125,0.0125],"rotation":0,"texture":"#0","tintindex":0},"west":{"uv":[0.0125,0.0125,0.0125,1.3625],"rotation":0,"texture":"#0","tintindex":0}}},{"name":"cube","from":[10.167252,8.596237,7.1488113],"to":[10.767252,10.396237,8.948812],"rotation":{"angle":22.5,"axis":"y","origin":[10.467251,9.196238,8.048811]},"faces":{"down":{"uv":[7.3625,6.1375,7.2625,6.4875],"rotation":0,"texture":"#0","tintindex":0},"east":{"uv":[4.5125,2.6375,4.8625,2.9875],"rotation":0,"texture":"#0","tintindex":0},"north":{"uv":[5.6375,7.0125,5.7375,7.3625],"rotation":0,"texture":"#0","tintindex":0},"south":{"uv":[5.0125,7.1375,5.1125,7.4875],"rotation":0,"texture":"#0","tintindex":0},"up":{"uv":[6.9875,7.4875,6.8875,7.1375],"rotation":0,"texture":"#0","tintindex":0},"west":{"uv":[4.8875,2.6375,5.2375,2.9875],"rotation":0,"texture":"#0","tintindex":0}}},{"name":"cube","from":[5.232749,8.596237,7.1488113],"to":[5.8327484,10.396237,8.948812],"rotation":{"angle":-22.5,"axis":"y","origin":[5.5327487,9.196238,8.048811]},"faces":{"down":{"uv":[7.2625,6.1375,7.3625,6.4875],"rotation":0,"texture":"#0","tintindex":0},"east":{"uv":[5.2375,2.6375,4.8875,2.9875],"rotation":0,"texture":"#0","tintindex":0},"north":{"uv":[5.7375,7.0125,5.6375,7.3625],"rotation":0,"texture":"#0","tintindex":0},"south":{"uv":[5.1125,7.1375,5.0125,7.4875],"rotation":0,"texture":"#0","tintindex":0},"up":{"uv":[6.8875,7.4875,6.9875,7.1375],"rotation":0,"texture":"#0","tintindex":0},"west":{"uv":[4.8625,2.6375,4.5125,2.9875],"rotation":0,"texture":"#0","tintindex":0}}},{"name":"cube","from":[10.331491,8.746237,5.6469293],"to":[12.131492,11.746238,5.6469293],"rotation":{"angle":-22.5,"axis":"y","origin":[11.231492,10.246237,5.6469293]},"faces":{"down":{"uv":[0.3625,0.0125,0.0125,0.0125],"rotation":0,"texture":"#0","tintindex":0},"east":{"uv":[0.0125,0.0125,0.0125,0.6125],"rotation":0,"texture":"#0","tintindex":0},"north":{"uv":[6.5125,7.1375,6.8625,7.7375],"rotation":0,"texture":"#0","tintindex":0},"south":{"uv":[7.2625,1.1375,7.6125,1.7375],"rotation":0,"texture":"#0","tintindex":0},"up":{"uv":[0.3625,0.0125,0.0125,0.0125],"rotation":0,"texture":"#0","tintindex":0},"west":{"uv":[0.0125,0.0125,0.0125,0.6125],"rotation":0,"texture":"#0","tintindex":0}}},{"name":"cube","from":[3.868508,8.746237,5.6469293],"to":[5.6685085,11.746238,5.6469293],"rotation":{"angle":22.5,"axis":"y","origin":[4.768508,10.246237,5.6469293]},"faces":{"down":{"uv":[0.0125,0.0125,0.3625,0.0125],"rotation":0,"texture":"#0","tintindex":0},"east":{"uv":[0.0125,0.0125,0.0125,0.6125],"rotation":0,"texture":"#0","tintindex":0},"north":{"uv":[6.8625,7.1375,6.5125,7.7375],"rotation":0,"texture":"#0","tintindex":0},"south":{"uv":[7.6125,1.1375,7.2625,1.7375],"rotation":0,"texture":"#0","tintindex":0},"up":{"uv":[0.0125,0.0125,0.3625,0.0125],"rotation":0,"texture":"#0","tintindex":0},"west":{"uv":[0.0125,0.0125,0.0125,0.6125],"rotation":0,"texture":"#0","tintindex":0}}},{"name":"cube","from":[7.4,8.746237,4.702514],"to":[8.6,9.946238,5.302514],"rotation":{"angle":0.0,"axis":"x","origin":[7.4,-7.3037634,1.702514]},"faces":{"down":{"uv":[2.1125,4.7625,1.8875,4.8625],"rotation":0,"texture":"#0","tintindex":0},"east":{"uv":[7.3875,6.1375,7.4875,6.3625],"rotation":0,"texture":"#0","tintindex":0},"north":{"uv":[1.0125,2.5125,1.2375,2.7375],"rotation":0,"texture":"#0","tintindex":0},"south":{"uv":[2.0125,2.7625,2.2375,2.9875],"rotation":0,"texture":"#0","tintindex":0},"up":{"uv":[1.8625,4.8625,1.6375,4.7625],"rotation":0,"texture":"#0","tintindex":0},"west":{"uv":[6.3875,7.3875,6.4875,7.6125],"rotation":0,"texture":"#0","tintindex":0}}},{"name":"cube","from":[5.0,10.696238,5.6025143],"to":[11.0,13.096237,11.602514],"rotation":{"angle":22.5,"axis":"x","origin":[8.0,12.196238,7.4025145]},"faces":{"down":{"uv":[1.2375,1.2625,0.0125,2.4875],"rotation":0,"texture":"#0","tintindex":0},"east":{"uv":[4.5125,2.1375,5.7375,2.6125],"rotation":0,"texture":"#0","tintindex":0},"north":{"uv":[4.5125,1.6375,5.7375,2.1125],"rotation":0,"texture":"#0","tintindex":0},"south":{"uv":[3.0125,4.5125,4.2375,4.9875],"rotation":0,"texture":"#0","tintindex":0},"up":{"uv":[1.2375,1.2375,0.0125,0.0125],"rotation":0,"texture":"#0","tintindex":0},"west":{"uv":[4.2625,4.5125,5.4875,4.9875],"rotation":0,"texture":"#0","tintindex":0}}},{"name":"cube","from":[10.4293995,7.079088,8.360279],"to":[10.4293995,10.679089,13.160279],"rotation":{"angle":0.0,"axis":"x","origin":[10.4293995,7.9790883,10.16028]},"faces":{"down":{"uv":[0.0125,0.0125,0.0125,0.9875],"rotation":0,"texture":"#0","tintindex":0},"east":{"uv":[4.0125,3.7625,4.9875,4.4875],"rotation":0,"texture":"#0","tintindex":0},"north":{"uv":[0.0125,0.0125,0.0125,0.7375],"rotation":0,"texture":"#0","tintindex":0},"south":{"uv":[0.0125,0.0125,0.0125,0.7375],"rotation":0,"texture":"#0","tintindex":0},"up":{"uv":[0.0125,0.9875,0.0125,0.0125],"rotation":0,"texture":"#0","tintindex":0},"west":{"uv":[4.9875,3.7625,4.0125,4.4875],"rotation":0,"texture":"#0","tintindex":0}}},{"name":"cube","from":[5.5705996,7.079088,8.360279],"to":[5.5705996,10.679089,13.160279],"rotation":{"angle":0.0,"axis":"x","origin":[5.5705996,7.9790883,10.16028]},"faces":{"down":{"uv":[0.0125,0.0125,0.0125,0.9875],"rotation":0,"texture":"#0","tintindex":0},"east":{"uv":[4.0125,3.7625,4.9875,4.4875],"rotation":0,"texture":"#0","tintindex":0},"north":{"uv":[0.0125,0.0125,0.0125,0.7375],"rotation":0,"texture":"#0","tintindex":0},"south":{"uv":[0.0125,0.0125,0.0125,0.7375],"rotation":0,"texture":"#0","tintindex":0},"up":{"uv":[0.0125,0.9875,0.0125,0.0125],"rotation":0,"texture":"#0","tintindex":0},"west":{"uv":[4.9875,3.7625,4.0125,4.4875],"rotation":0,"texture":"#0","tintindex":0}}},{"name":"cube","from":[5.8999996,11.3,7.4],"to":[10.1,14.3,11.0],"rotation":{"angle":45.0,"axis":"x","origin":[8.0,12.2,9.2]},"faces":{"down":{"uv":[5.3625,0.0125,4.5125,0.7375],"rotation":0,"texture":"#0","tintindex":0},"east":{"uv":[5.2625,5.6375,5.9875,6.2375],"rotation":0,"texture":"#0","tintindex":0},"north":{"uv":[4.6375,5.0125,5.4875,5.6125],"rotation":0,"texture":"#0","tintindex":0},"south":{"uv":[0.0125,5.2625,0.8625,5.8625],"rotation":0,"texture":"#0","tintindex":0},"up":{"uv":[0.8625,5.2375,0.0125,4.5125],"rotation":0,"texture":"#0","tintindex":0},"west":{"uv":[5.7625,1.6375,6.4875,2.2375],"rotation":0,"texture":"#0","tintindex":0}}}],"display":{"head":{"translation":[0.0,-6.4,0.0],"rotation":[0.0,0.0,0.0],"scale":[3.8095,3.8095,3.8095]}}}