{"textures":{"0":"modelengine:entity/jester"},"elements":[{"name":"cube","from":[7.0363607,13.939161,10.711905],"to":[8.836361,15.7391615,12.511905],"rotation":{"angle":-45.0,"axis":"y","origin":[7.9363604,14.689161,12.061905]},"faces":{"down":{"uv":[7.9875,1.8875,7.6375,2.2375],"rotation":0,"texture":"#0","tintindex":0},"east":{"uv":[7.6375,0.3875,7.9875,0.7375],"rotation":0,"texture":"#0","tintindex":0},"north":{"uv":[0.3875,7.6375,0.7375,7.9875],"rotation":0,"texture":"#0","tintindex":0},"south":{"uv":[7.6375,0.7625,7.9875,1.1125],"rotation":0,"texture":"#0","tintindex":0},"up":{"uv":[7.9875,1.8625,7.6375,1.5125],"rotation":0,"texture":"#0","tintindex":0},"west":{"uv":[7.6375,1.1375,7.9875,1.4875],"rotation":0,"texture":"#0","tintindex":0}}},{"name":"cube","from":[7.0363607,13.789161,9.361904],"to":[8.836361,14.9891615,11.161905],"rotation":{"angle":-22.5,"axis":"x","origin":[9.736361,12.889161,11.161905]},"faces":{"down":{"uv":[7.9875,2.6375,7.6375,2.9875],"rotation":0,"texture":"#0","tintindex":0},"east":{"uv":[4.5125,7.6375,4.8625,7.8625],"rotation":0,"texture":"#0","tintindex":0},"north":{"uv":[7.6375,4.2625,7.9875,4.4875],"rotation":0,"texture":"#0","tintindex":0},"south":{"uv":[7.6375,5.5125,7.9875,5.7375],"rotation":0,"texture":"#0","tintindex":0},"up":{"uv":[7.9875,2.6125,7.6375,2.2625],"rotation":0,"texture":"#0","tintindex":0},"west":{"uv":[7.6375,5.7625,7.9875,5.9875],"rotation":0,"texture":"#0","tintindex":0}}},{"name":"cube","from":[6.7363605,10.731291,7.5316825],"to":[9.13636,13.13129,9.931683],"rotation":{"angle":45.0,"axis":"x","origin":[9.436361,12.231291,9.331682]},"faces":{"down":{"uv":[4.9875,7.1375,4.5125,7.6125],"rotation":0,"texture":"#0","tintindex":0},"east":{"uv":[7.1375,3.1375,7.6125,3.6125],"rotation":0,"texture":"#0","tintindex":0},"north":{"uv":[7.1375,2.6375,7.6125,3.1125],"rotation":0,"texture":"#0","tintindex":0},"south":{"uv":[3.2625,7.1375,3.7375,7.6125],"rotation":0,"texture":"#0","tintindex":0},"up":{"uv":[7.6125,4.6125,7.1375,4.1375],"rotation":0,"texture":"#0","tintindex":0},"west":{"uv":[7.1375,3.6375,7.6125,4.1125],"rotation":0,"texture":"#0","tintindex":0}}},{"name":"cube","from":[6.4363604,9.4231,6.516798],"to":[9.436361,11.8231,9.516798],"rotation":{"angle":22.5,"axis":"x","origin":[9.13636,10.9231,8.316798]},"faces":{"down":{"uv":[6.4875,2.8875,5.8875,3.4875],"rotation":0,"texture":"#0","tintindex":0},"east":{"uv":[6.5125,4.5125,7.1125,4.9875],"rotation":0,"texture":"#0","tintindex":0},"north":{"uv":[4.0125,6.5125,4.6125,6.9875],"rotation":0,"texture":"#0","tintindex":0},"south":{"uv":[0.6375,6.6375,1.2375,7.1125],"rotation":0,"texture":"#0","tintindex":0},"up":{"uv":[6.4875,2.8625,5.8875,2.2625],"rotation":0,"texture":"#0","tintindex":0},"west":{"uv":[6.6375,1.0125,7.2375,1.4875],"rotation":0,"texture":"#0","tintindex":0}}},{"name":"cube","from":[6.13636,7.826112,6.0797896],"to":[9.736361,10.226112,9.6797905],"rotation":{"angle":0.0,"axis":"x","origin":[8.836361,9.326112,7.87979]},"faces":{"down":{"uv":[4.6125,5.0125,3.8875,5.7375],"rotation":0,"texture":"#0","tintindex":0},"east":{"uv":[6.5125,0.5125,7.2375,0.9875],"rotation":0,"texture":"#0","tintindex":0},"north":{"uv":[6.3875,4.0125,7.1125,4.4875],"rotation":0,"texture":"#0","tintindex":0},"south":{"uv":[6.5125,1.6375,7.2375,2.1125],"rotation":0,"texture":"#0","tintindex":0},"up":{"uv":[5.7375,4.4875,5.0125,3.7625],"rotation":0,"texture":"#0","tintindex":0},"west":{"uv":[2.1375,6.5125,2.8625,6.9875],"rotation":0,"texture":"#0","tintindex":0}}}],"display":{"head":{"translation":[0.0,-6.4,0.0],"rotation":[0.0,0.0,0.0],"scale":[3.8095,3.8095,3.8095]}}}