{"textures":{"0":"modelengine:entity/jester"},"elements":[{"name":"cube","from":[7.163639,13.939161,10.711905],"to":[8.963639,15.7391615,12.511905],"rotation":{"angle":45.0,"axis":"y","origin":[8.06364,14.689161,12.061905]},"faces":{"down":{"uv":[7.8625,7.1375,7.5125,7.4875],"rotation":0,"texture":"#0","tintindex":0},"east":{"uv":[6.5125,3.1375,6.8625,3.4875],"rotation":0,"texture":"#0","tintindex":0},"north":{"uv":[5.7625,4.1375,6.1125,4.4875],"rotation":0,"texture":"#0","tintindex":0},"south":{"uv":[7.1375,4.6375,7.4875,4.9875],"rotation":0,"texture":"#0","tintindex":0},"up":{"uv":[7.8625,5.4875,7.5125,5.1375],"rotation":0,"texture":"#0","tintindex":0},"west":{"uv":[7.2625,1.7625,7.6125,2.1125],"rotation":0,"texture":"#0","tintindex":0}}},{"name":"cube","from":[7.163639,13.789161,9.361904],"to":[8.963639,14.9891615,11.161905],"rotation":{"angle":-22.5,"axis":"x","origin":[6.2636395,12.889161,11.161905]},"faces":{"down":{"uv":[7.9875,0.0125,7.6375,0.3625],"rotation":0,"texture":"#0","tintindex":0},"east":{"uv":[7.6375,3.5125,7.9875,3.7375],"rotation":0,"texture":"#0","tintindex":0},"north":{"uv":[7.6375,3.2625,7.9875,3.4875],"rotation":0,"texture":"#0","tintindex":0},"south":{"uv":[7.6375,3.7625,7.9875,3.9875],"rotation":0,"texture":"#0","tintindex":0},"up":{"uv":[7.6125,7.8625,7.2625,7.5125],"rotation":0,"texture":"#0","tintindex":0},"west":{"uv":[7.6375,4.0125,7.9875,4.2375],"rotation":0,"texture":"#0","tintindex":0}}},{"name":"cube","from":[6.8636394,10.731291,7.5316825],"to":[9.263639,13.13129,9.931683],"rotation":{"angle":45.0,"axis":"x","origin":[6.5636396,12.231291,9.331682]},"faces":{"down":{"uv":[7.6125,2.1375,7.1375,2.6125],"rotation":0,"texture":"#0","tintindex":0},"east":{"uv":[7.0125,6.5125,7.4875,6.9875],"rotation":0,"texture":"#0","tintindex":0},"north":{"uv":[5.1375,7.0125,5.6125,7.4875],"rotation":0,"texture":"#0","tintindex":0},"south":{"uv":[7.0125,7.0125,7.4875,7.4875],"rotation":0,"texture":"#0","tintindex":0},"up":{"uv":[0.9875,7.6125,0.5125,7.1375],"rotation":0,"texture":"#0","tintindex":0},"west":{"uv":[7.1375,0.0125,7.6125,0.4875],"rotation":0,"texture":"#0","tintindex":0}}},{"name":"cube","from":[6.5636396,9.4231,6.516798],"to":[9.56364,11.8231,9.516798],"rotation":{"angle":22.5,"axis":"x","origin":[6.8636394,10.9231,8.316798]},"faces":{"down":{"uv":[6.4875,0.5125,5.8875,1.1125],"rotation":0,"texture":"#0","tintindex":0},"east":{"uv":[6.5125,2.1375,7.1125,2.6125],"rotation":0,"texture":"#0","tintindex":0},"north":{"uv":[0.0125,6.5125,0.6125,6.9875],"rotation":0,"texture":"#0","tintindex":0},"south":{"uv":[6.5125,2.6375,7.1125,3.1125],"rotation":0,"texture":"#0","tintindex":0},"up":{"uv":[0.6125,6.4875,0.0125,5.8875],"rotation":0,"texture":"#0","tintindex":0},"west":{"uv":[2.8875,6.5125,3.4875,6.9875],"rotation":0,"texture":"#0","tintindex":0}}},{"name":"cube","from":[6.2636395,7.826112,6.0797896],"to":[9.86364,10.226112,9.6797905],"rotation":{"angle":0.0,"axis":"x","origin":[7.163639,9.326112,7.87979]},"faces":{"down":{"uv":[3.8625,5.0125,3.1375,5.7375],"rotation":0,"texture":"#0","tintindex":0},"east":{"uv":[6.3875,0.0125,7.1125,0.4875],"rotation":0,"texture":"#0","tintindex":0},"north":{"uv":[6.2625,5.0125,6.9875,5.4875],"rotation":0,"texture":"#0","tintindex":0},"south":{"uv":[1.3875,6.3875,2.1125,6.8625],"rotation":0,"texture":"#0","tintindex":0},"up":{"uv":[3.1125,5.7375,2.3875,5.0125],"rotation":0,"texture":"#0","tintindex":0},"west":{"uv":[6.3875,3.5125,7.1125,3.9875],"rotation":0,"texture":"#0","tintindex":0}}}],"display":{"head":{"translation":[0.0,-6.4,0.0],"rotation":[0.0,0.0,0.0],"scale":[3.8095,3.8095,3.8095]}}}