{"textures":{"0":"modelengine:entity/jester"},"elements":[{"name":"cube","from":[6.8,5.6,6.8],"to":[8.6,8.0,9.2],"rotation":{"angle":0.0,"axis":"x","origin":[8.6,5.6,6.2]},"faces":{"down":{"uv":[7.8625,4.6375,7.5125,5.1125],"rotation":0,"texture":"#0","tintindex":0},"east":{"uv":[4.0125,7.0125,4.4875,7.4875],"rotation":0,"texture":"#0","tintindex":0},"north":{"uv":[2.8875,7.5125,3.2375,7.9875],"rotation":0,"texture":"#0","tintindex":0},"south":{"uv":[3.7625,7.5125,4.1125,7.9875],"rotation":0,"texture":"#0","tintindex":0},"up":{"uv":[4.4875,7.9875,4.1375,7.5125],"rotation":0,"texture":"#0","tintindex":0},"west":{"uv":[7.0125,5.0125,7.4875,5.4875],"rotation":0,"texture":"#0","tintindex":0}}},{"name":"cube","from":[6.95,6.2,1.3999997],"to":[8.15,7.4,17.6],"rotation":{"angle":0.0,"axis":"x","origin":[8.6,5.6,6.2]},"faces":{"down":{"uv":[8.3625,0.0125,8.1375,3.3625],"rotation":0,"texture":"#0","tintindex":0},"east":{"uv":[8.6375,0.2625,11.9875,0.4875],"rotation":0,"texture":"#0","tintindex":0},"north":{"uv":[8.3875,3.3875,8.6125,3.6125],"rotation":0,"texture":"#0","tintindex":0},"south":{"uv":[8.1375,3.3875,8.3625,3.6125],"rotation":0,"texture":"#0","tintindex":0},"up":{"uv":[8.6125,3.3625,8.3875,0.0125],"rotation":0,"texture":"#0","tintindex":0},"west":{"uv":[8.6375,0.0125,11.9875,0.2375],"rotation":0,"texture":"#0","tintindex":0}}},{"name":"cube","from":[6.95,5.6,-0.40000033],"to":[8.15,8.0,1.3999997],"rotation":{"angle":0.0,"axis":"x","origin":[8.6,5.6,6.2]},"faces":{"down":{"uv":[15.1125,0.0125,14.8875,0.3625],"rotation":0,"texture":"#0","tintindex":0},"east":{"uv":[13.3875,0.0125,13.7375,0.4875],"rotation":0,"texture":"#0","tintindex":0},"north":{"uv":[14.2625,0.0125,14.4875,0.4875],"rotation":0,"texture":"#0","tintindex":0},"south":{"uv":[14.0125,0.0125,14.2375,0.4875],"rotation":0,"texture":"#0","tintindex":0},"up":{"uv":[13.9875,0.3625,13.7625,0.0125],"rotation":0,"texture":"#0","tintindex":0},"west":{"uv":[14.5125,0.0125,14.8625,0.4875],"rotation":0,"texture":"#0","tintindex":0}}},{"name":"cube","from":[7.55,3.1999998,-1.6000004],"to":[7.55,10.4,1.9999998],"rotation":{"angle":0.0,"axis":"x","origin":[8.6,5.6,6.2]},"faces":{"down":{"uv":[6.8625,9.5125,6.5125,9.9875],"rotation":0,"texture":"#0","tintindex":0},"east":{"uv":[15.2625,2.6375,15.9875,4.1125],"rotation":0,"texture":"#0","tintindex":0},"north":{"uv":[3.1375,9.0125,3.4875,9.4875],"rotation":0,"texture":"#0","tintindex":0},"south":{"uv":[3.7625,9.2625,4.1125,9.7375],"rotation":0,"texture":"#0","tintindex":0},"up":{"uv":[4.3625,9.4875,4.0125,9.0125],"rotation":0,"texture":"#0","tintindex":0},"west":{"uv":[15.9875,2.6375,15.2625,4.1125],"rotation":0,"texture":"#0","tintindex":0}}},{"name":"cube","from":[6.2,6.2,6.8],"to":[6.8,7.4,8.6],"rotation":{"angle":0.0,"axis":"x","origin":[8.6,5.0,6.2]},"faces":{"down":{"uv":[5.2375,6.3875,5.1375,6.7375],"rotation":0,"texture":"#0","tintindex":0},"east":{"uv":[0.8875,4.5125,1.2375,4.7375],"rotation":0,"texture":"#0","tintindex":0},"north":{"uv":[1.2625,6.6375,1.3625,6.8625],"rotation":0,"texture":"#0","tintindex":0},"south":{"uv":[5.1375,6.7625,5.2375,6.9875],"rotation":0,"texture":"#0","tintindex":0},"up":{"uv":[5.8625,2.6125,5.7625,2.2625],"rotation":0,"texture":"#0","tintindex":0},"west":{"uv":[3.2625,7.6375,3.6125,7.8625],"rotation":0,"texture":"#0","tintindex":0}}}],"display":{"head":{"translation":[0.0,-6.4,0.0],"rotation":[0.0,0.0,0.0],"scale":[3.8095,3.8095,3.8095]}}}