{"textures":{"0":"modelengine:entity/fisherman","1":"modelengine:entity/herobrine_bobber"},"elements":[{"name":"cube","from":[3.7999997,5.6,5.6],"to":[12.2,10.4,10.4],"rotation":{"angle":0.0,"axis":"x","origin":[8.0,8.0,8.0]},"faces":{"down":{"uv":[1.7375,3.0125,0.0125,3.9875],"rotation":0,"texture":"#0","tintindex":0},"east":{"uv":[4.3875,0.0125,5.3625,0.9875],"rotation":0,"texture":"#0","tintindex":0},"north":{"uv":[1.6375,0.0125,3.3625,0.9875],"rotation":0,"texture":"#0","tintindex":0},"south":{"uv":[1.6375,1.0125,3.3625,1.9875],"rotation":0,"texture":"#0","tintindex":0},"up":{"uv":[3.3625,2.9875,1.6375,2.0125],"rotation":0,"texture":"#0","tintindex":0},"west":{"uv":[4.3875,1.0125,5.3625,1.9875],"rotation":0,"texture":"#0","tintindex":0}}},{"name":"cube","from":[3.4099126,9.361102,4.3999996],"to":[4.6099124,11.761102,9.8],"rotation":{"angle":22.5,"axis":"z","origin":[4.0099125,11.4611025,8.0]},"faces":{"down":{"uv":[5.8625,7.1375,5.6375,8.2375],"rotation":0,"texture":"#0","tintindex":0},"east":{"uv":[1.1375,5.8875,2.2375,6.3625],"rotation":0,"texture":"#0","tintindex":0},"north":{"uv":[2.5125,7.7625,2.7375,8.2375],"rotation":0,"texture":"#0","tintindex":0},"south":{"uv":[2.7625,7.7625,2.9875,8.2375],"rotation":0,"texture":"#0","tintindex":0},"up":{"uv":[5.6125,8.2375,5.3875,7.1375],"rotation":0,"texture":"#0","tintindex":0},"west":{"uv":[5.8875,3.3875,6.9875,3.8625],"rotation":0,"texture":"#0","tintindex":0}}},{"name":"cube","from":[11.390087,9.361102,4.3999996],"to":[12.590088,11.761102,9.8],"rotation":{"angle":-22.5,"axis":"z","origin":[11.9900875,11.4611025,8.0]},"faces":{"down":{"uv":[5.6375,7.1375,5.8625,8.2375],"rotation":0,"texture":"#0","tintindex":0},"east":{"uv":[6.9875,3.3875,5.8875,3.8625],"rotation":0,"texture":"#0","tintindex":0},"north":{"uv":[2.7375,7.7625,2.5125,8.2375],"rotation":0,"texture":"#0","tintindex":0},"south":{"uv":[2.9875,7.7625,2.7625,8.2375],"rotation":0,"texture":"#0","tintindex":0},"up":{"uv":[5.3875,8.2375,5.6125,7.1375],"rotation":0,"texture":"#0","tintindex":0},"west":{"uv":[2.2375,5.8875,1.1375,6.3625],"rotation":0,"texture":"#0","tintindex":0}}},{"name":"cube","from":[4.3999996,10.4,9.2],"to":[11.6,12.2,10.4],"rotation":{"angle":0.0,"axis":"x","origin":[4.3999996,11.3,8.0]},"faces":{"down":{"uv":[8.4875,0.0125,7.0125,0.2375],"rotation":0,"texture":"#0","tintindex":0},"east":{"uv":[1.2625,7.8875,1.4875,8.2375],"rotation":0,"texture":"#0","tintindex":0},"north":{"uv":[5.8875,3.8875,7.3625,4.2375],"rotation":0,"texture":"#0","tintindex":0},"south":{"uv":[5.8875,4.2625,7.3625,4.6125],"rotation":0,"texture":"#0","tintindex":0},"up":{"uv":[7.8625,3.3625,6.3875,3.1375],"rotation":0,"texture":"#0","tintindex":0},"west":{"uv":[1.5125,7.8875,1.7375,8.2375],"rotation":0,"texture":"#0","tintindex":0}}},{"name":"cube","from":[4.3999996,-0.40000033,9.8],"to":[11.6,5.6,10.4],"rotation":{"angle":0.0,"axis":"x","origin":[8.0,8.0,8.0]},"faces":{"down":{"uv":[8.7625,2.0125,7.2625,2.1375],"rotation":0,"texture":"#0","tintindex":0},"east":{"uv":[6.7625,7.3875,6.8625,8.6125],"rotation":0,"texture":"#0","tintindex":0},"north":{"uv":[0.0125,0.0125,1.5125,1.2625],"rotation":0,"texture":"#0","tintindex":0},"south":{"uv":[0.0125,1.2625,1.5125,2.5125],"rotation":0,"texture":"#0","tintindex":0},"up":{"uv":[8.2625,2.8875,6.7625,2.7625],"rotation":0,"texture":"#0","tintindex":0},"west":{"uv":[7.5125,5.7625,7.6125,6.9875],"rotation":0,"texture":"#0","tintindex":0}}},{"name":"cube","from":[3.7999997,-0.40000033,5.6],"to":[4.3999996,5.6,10.4],"rotation":{"angle":0.0,"axis":"x","origin":[8.0,8.0,8.0]},"faces":{"down":{"uv":[5.9875,7.6375,5.8875,8.6125],"rotation":0,"texture":"#0","tintindex":0},"east":{"uv":[3.3875,0.0125,4.3625,1.2375],"rotation":0,"texture":"#0","tintindex":0},"north":{"uv":[4.0125,7.1375,4.1125,8.3625],"rotation":0,"texture":"#0","tintindex":0},"south":{"uv":[6.6375,7.3875,6.7375,8.6125],"rotation":0,"texture":"#0","tintindex":0},"up":{"uv":[7.7375,6.7375,7.6375,5.7625],"rotation":0,"texture":"#0","tintindex":0},"west":{"uv":[3.3875,1.2625,4.3625,2.4875],"rotation":0,"texture":"#0","tintindex":0}}},{"name":"cube","from":[11.6,-0.40000033,5.6],"to":[12.2,5.6,10.4],"rotation":{"angle":0.0,"axis":"x","origin":[8.0,8.0,8.0]},"faces":{"down":{"uv":[5.8875,7.6375,5.9875,8.6125],"rotation":0,"texture":"#0","tintindex":0},"east":{"uv":[4.3625,1.2625,3.3875,2.4875],"rotation":0,"texture":"#0","tintindex":0},"north":{"uv":[4.1125,7.1375,4.0125,8.3625],"rotation":0,"texture":"#0","tintindex":0},"south":{"uv":[6.7375,7.3875,6.6375,8.6125],"rotation":0,"texture":"#0","tintindex":0},"up":{"uv":[7.6375,6.7375,7.7375,5.7625],"rotation":0,"texture":"#0","tintindex":0},"west":{"uv":[4.3625,0.0125,3.3875,1.2375],"rotation":0,"texture":"#0","tintindex":0}}},{"name":"cube","from":[5.0,3.101129,4.8642488],"to":[11.0,6.70113,9.664249],"rotation":{"angle":22.5,"axis":"x","origin":[8.0,4.3011293,7.264249]},"faces":{"down":{"uv":[4.2375,3.0125,3.0125,3.9875],"rotation":0,"texture":"#0","tintindex":0},"east":{"uv":[5.3875,0.0125,6.3625,0.7375],"rotation":0,"texture":"#0","tintindex":0},"north":{"uv":[2.2625,5.0125,3.4875,5.7375],"rotation":0,"texture":"#0","tintindex":0},"south":{"uv":[3.5125,5.0125,4.7375,5.7375],"rotation":0,"texture":"#0","tintindex":0},"up":{"uv":[2.9875,3.9875,1.7625,3.0125],"rotation":0,"texture":"#0","tintindex":0},"west":{"uv":[5.3875,0.7625,6.3625,1.4875],"rotation":0,"texture":"#0","tintindex":0}}},{"name":"cube","from":[6.8,2.910914,4.587718],"to":[9.2,4.110914,9.387718],"rotation":{"angle":0.0,"axis":"x","origin":[9.8,1.710914,6.9877176]},"faces":{"down":{"uv":[2.2375,6.3875,1.7625,7.3625],"rotation":0,"texture":"#0","tintindex":0},"east":{"uv":[5.8875,7.1375,6.8625,7.3625],"rotation":0,"texture":"#0","tintindex":0},"north":{"uv":[7.6375,0.8875,8.1125,1.1125],"rotation":0,"texture":"#0","tintindex":0},"south":{"uv":[7.6375,1.1375,8.1125,1.3625],"rotation":0,"texture":"#0","tintindex":0},"up":{"uv":[1.7375,7.3625,1.2625,6.3875],"rotation":0,"texture":"#0","tintindex":0},"west":{"uv":[0.0125,7.2625,0.9875,7.4875],"rotation":0,"texture":"#0","tintindex":0}}},{"name":"cube","from":[6.2,9.2,7.4],"to":[9.8,10.4,10.4],"rotation":{"angle":-22.5,"axis":"x","origin":[8.0,8.0,8.0]},"faces":{"down":{"uv":[7.1125,0.8875,6.3875,1.4875],"rotation":0,"texture":"#0","tintindex":0},"east":{"uv":[7.5125,0.2625,8.1125,0.4875],"rotation":0,"texture":"#0","tintindex":0},"north":{"uv":[7.2625,2.1375,7.9875,2.3625],"rotation":0,"texture":"#0","tintindex":0},"south":{"uv":[5.8875,7.3875,6.6125,7.6125],"rotation":0,"texture":"#0","tintindex":0},"up":{"uv":[6.6125,5.2375,5.8875,4.6375],"rotation":0,"texture":"#0","tintindex":0},"west":{"uv":[0.3875,7.5125,0.9875,7.7375],"rotation":0,"texture":"#0","tintindex":0}}}],"display":{"head":{"translation":[0.0,-6.4,0.0],"rotation":[0.0,0.0,0.0],"scale":[3.8095,3.8095,3.8095]}}}