{"textures":{"0":"modelengine:entity/bard","1":"modelengine:entity/bard_stool"},"elements":[{"name":"cube","from":[5.1198254,9.2,7.1],"to":[6.319825,11.0,8.3],"rotation":{"angle":-22.5,"axis":"y","origin":[5.7198253,11.6,8.0]},"faces":{"down":{"uv":[12.225,13.025,11.775,13.475],"rotation":0,"texture":"#0","tintindex":0},"east":{"uv":[5.775,13.025,6.225,13.725],"rotation":0,"texture":"#0","tintindex":0},"north":{"uv":[5.275,13.025,5.725,13.725],"rotation":0,"texture":"#0","tintindex":0},"south":{"uv":[13.025,6.025,13.475,6.725],"rotation":0,"texture":"#0","tintindex":0},"up":{"uv":[11.725,13.475,11.275,13.025],"rotation":0,"texture":"#0","tintindex":0},"west":{"uv":[7.275,13.025,7.725,13.725],"rotation":0,"texture":"#0","tintindex":0}}},{"name":"cube","from":[5.5099125,8.0,5.1388984],"to":[10.309913,12.8,9.938898],"rotation":{"angle":0.0,"axis":"x","origin":[7.609913,-6.4000006,6.938898]},"faces":{"down":{"uv":[8.225,2.025,6.275,3.975],"rotation":0,"texture":"#0","tintindex":0},"east":{"uv":[7.975,5.025,6.025,6.975],"rotation":0,"texture":"#0","tintindex":0},"north":{"uv":[0.025,4.525,1.975,6.475],"rotation":0,"texture":"#0","tintindex":0},"south":{"uv":[4.025,5.025,5.975,6.975],"rotation":0,"texture":"#0","tintindex":0},"up":{"uv":[8.225,1.975,6.275,0.025],"rotation":0,"texture":"#0","tintindex":0},"west":{"uv":[6.025,5.025,7.975,6.975],"rotation":0,"texture":"#0","tintindex":0}}},{"name":"cube","from":[7.3099127,9.2,4.5388985],"to":[8.5099125,10.4,5.7388983],"rotation":{"angle":0.0,"axis":"x","origin":[7.609913,-6.4000006,6.938898]},"faces":{"down":{"uv":[11.225,13.025,10.775,13.475],"rotation":0,"texture":"#0","tintindex":0},"east":{"uv":[9.275,13.025,9.725,13.475],"rotation":0,"texture":"#0","tintindex":0},"north":{"uv":[8.775,13.025,9.225,13.475],"rotation":0,"texture":"#0","tintindex":0},"south":{"uv":[13.025,9.275,13.475,9.725],"rotation":0,"texture":"#0","tintindex":0},"up":{"uv":[10.725,13.475,10.275,13.025],"rotation":0,"texture":"#0","tintindex":0},"west":{"uv":[9.775,13.025,10.225,13.475],"rotation":0,"texture":"#0","tintindex":0}}},{"name":"cube","from":[6.7099123,7.4,4.5388985],"to":[9.109913,8.6,5.7388983],"rotation":{"angle":0.0,"axis":"x","origin":[7.609913,-6.4000006,6.938898]},"faces":{"down":{"uv":[13.725,12.525,12.775,12.975],"rotation":0,"texture":"#0","tintindex":0},"east":{"uv":[7.775,13.025,8.225,13.475],"rotation":0,"texture":"#0","tintindex":0},"north":{"uv":[12.525,11.025,13.475,11.475],"rotation":0,"texture":"#0","tintindex":0},"south":{"uv":[11.775,12.525,12.725,12.975],"rotation":0,"texture":"#0","tintindex":0},"up":{"uv":[13.725,0.475,12.775,0.025],"rotation":0,"texture":"#0","tintindex":0},"west":{"uv":[8.275,13.025,8.725,13.475],"rotation":0,"texture":"#0","tintindex":0}}},{"name":"cube","from":[4.9099126,11.6,4.5388985],"to":[10.909912,13.400001,10.538898],"rotation":{"angle":-22.5,"axis":"z","origin":[8.209913,11.900001,7.838898]},"faces":{"down":{"uv":[6.225,2.525,3.775,4.975],"rotation":0,"texture":"#0","tintindex":0},"east":{"uv":[9.775,2.275,12.225,2.975],"rotation":0,"texture":"#0","tintindex":0},"north":{"uv":[9.525,1.525,11.975,2.225],"rotation":0,"texture":"#0","tintindex":0},"south":{"uv":[9.775,3.025,12.225,3.725],"rotation":0,"texture":"#0","tintindex":0},"up":{"uv":[6.225,2.475,3.775,0.025],"rotation":0,"texture":"#0","tintindex":0},"west":{"uv":[9.775,6.525,12.225,7.225],"rotation":0,"texture":"#0","tintindex":0}}},{"name":"cube","from":[5.8099127,7.4,8.438898],"to":[10.0099125,11.6,10.238898],"rotation":{"angle":-22.5,"axis":"x","origin":[7.609913,10.4,10.238898]},"faces":{"down":{"uv":[6.725,14.525,5.025,15.225],"rotation":0,"texture":"#0","tintindex":0},"east":{"uv":[1.775,14.275,2.475,15.975],"rotation":0,"texture":"#0","tintindex":0},"north":{"uv":[2.525,14.275,4.225,15.975],"rotation":0,"texture":"#0","tintindex":0},"south":{"uv":[0.025,14.275,1.725,15.975],"rotation":0,"texture":"#0","tintindex":0},"up":{"uv":[6.725,15.975,5.025,15.275],"rotation":0,"texture":"#0","tintindex":0},"west":{"uv":[4.275,14.275,4.975,15.975],"rotation":0,"texture":"#0","tintindex":0}}},{"name":"cube","from":[12.256657,12.148675,4.496586],"to":[12.256657,17.548676,13.496586],"rotation":{"angle":22.5,"axis":"y","origin":[12.256657,14.848676,8.996586]},"faces":{"down":{"uv":[0.025,0.025,0.025,3.725],"rotation":0,"texture":"#0","tintindex":0},"east":{"uv":[0.025,0.025,3.725,2.225],"rotation":0,"texture":"#0","tintindex":0},"north":{"uv":[0.025,0.025,0.025,2.225],"rotation":0,"texture":"#0","tintindex":0},"south":{"uv":[0.025,0.025,0.025,2.225],"rotation":0,"texture":"#0","tintindex":0},"up":{"uv":[0.025,3.725,0.025,0.025],"rotation":0,"texture":"#0","tintindex":0},"west":{"uv":[3.725,0.025,0.025,2.225],"rotation":0,"texture":"#0","tintindex":0}}},{"name":"cube","from":[6.935135,12.148675,4.838898],"to":[10.535135,13.948676,10.238898],"rotation":{"angle":0.0,"axis":"x","origin":[7.8351355,11.848675,8.138898]},"faces":{"down":{"uv":[7.475,7.025,6.025,9.225],"rotation":0,"texture":"#0","tintindex":0},"east":{"uv":[9.775,7.275,11.975,7.975],"rotation":0,"texture":"#0","tintindex":0},"north":{"uv":[10.775,0.775,12.225,1.475],"rotation":0,"texture":"#0","tintindex":0},"south":{"uv":[11.025,5.275,12.475,5.975],"rotation":0,"texture":"#0","tintindex":0},"up":{"uv":[5.975,9.225,4.525,7.025],"rotation":0,"texture":"#0","tintindex":0},"west":{"uv":[10.275,3.775,12.475,4.475],"rotation":0,"texture":"#0","tintindex":0}}},{"name":"cube","from":[9.5,9.2,7.1],"to":[10.700001,11.0,8.3],"rotation":{"angle":22.5,"axis":"y","origin":[10.1,11.6,8.0]},"faces":{"down":{"uv":[11.775,13.025,12.225,13.475],"rotation":0,"texture":"#0","tintindex":0},"east":{"uv":[7.725,13.025,7.275,13.725],"rotation":0,"texture":"#0","tintindex":0},"north":{"uv":[5.725,13.025,5.275,13.725],"rotation":0,"texture":"#0","tintindex":0},"south":{"uv":[13.475,6.025,13.025,6.725],"rotation":0,"texture":"#0","tintindex":0},"up":{"uv":[11.275,13.475,11.725,13.025],"rotation":0,"texture":"#0","tintindex":0},"west":{"uv":[6.225,13.025,5.775,13.725],"rotation":0,"texture":"#0","tintindex":0}}}],"display":{"head":{"translation":[0.0,-6.4,0.0],"rotation":[0.0,0.0,0.0],"scale":[3.8095,3.8095,3.8095]}}}