{"textures":{"0":"modelengine:entity/queen"},"elements":[{"name":"cube","from":[5.6,4.3264713,6.4549522],"to":[10.4,8.526472,10.054953],"rotation":{"angle":0.0,"axis":"x","origin":[8.6,7.0264716,8.554953]},"faces":{"down":{"uv":[1.9875,9.7625,1.0125,10.4875],"rotation":0,"texture":"#0","tintindex":0},"east":{"uv":[1.0125,10.5125,1.7375,11.3625],"rotation":0,"texture":"#0","tintindex":0},"north":{"uv":[0.0125,9.7625,0.9875,10.6125],"rotation":0,"texture":"#0","tintindex":0},"south":{"uv":[0.0125,10.6375,0.9875,11.4875],"rotation":0,"texture":"#0","tintindex":0},"up":{"uv":[0.9875,12.2375,0.0125,11.5125],"rotation":0,"texture":"#0","tintindex":0},"west":{"uv":[1.7625,10.5125,2.4875,11.3625],"rotation":0,"texture":"#0","tintindex":0}}},{"name":"cube","from":[5.0,7.7,5.3],"to":[11.0,10.700001,10.1],"rotation":{"angle":-22.5,"axis":"x","origin":[8.0,8.0,8.0]},"faces":{"down":{"uv":[5.7375,4.7625,4.5125,5.7375],"rotation":0,"texture":"#0","tintindex":0},"east":{"uv":[3.0125,7.3875,3.9875,7.9875],"rotation":0,"texture":"#0","tintindex":0},"north":{"uv":[6.3875,2.6375,7.6125,3.2375],"rotation":0,"texture":"#0","tintindex":0},"south":{"uv":[6.5125,0.0125,7.7375,0.6125],"rotation":0,"texture":"#0","tintindex":0},"up":{"uv":[5.7375,4.7375,4.5125,3.7625],"rotation":0,"texture":"#0","tintindex":0},"west":{"uv":[0.0125,7.5125,0.9875,8.1125],"rotation":0,"texture":"#0","tintindex":0}}},{"name":"cube","from":[6.8,10.700001,7.7],"to":[9.2,12.5,10.1],"rotation":{"angle":-22.5,"axis":"x","origin":[8.0,8.0,8.0]},"faces":{"down":{"uv":[4.3625,5.2625,3.8875,5.7375],"rotation":0,"texture":"#0","tintindex":0},"east":{"uv":[8.7625,5.6375,9.2375,5.9875],"rotation":0,"texture":"#0","tintindex":0},"north":{"uv":[8.7625,1.1375,9.2375,1.4875],"rotation":0,"texture":"#0","tintindex":0},"south":{"uv":[8.7625,6.0125,9.2375,6.3625],"rotation":0,"texture":"#0","tintindex":0},"up":{"uv":[3.3625,4.9875,2.8875,4.5125],"rotation":0,"texture":"#0","tintindex":0},"west":{"uv":[8.7625,7.2625,9.2375,7.6125],"rotation":0,"texture":"#0","tintindex":0}}},{"name":"cube","from":[10.4,9.02967,5.1895905],"to":[11.6,13.82967,9.989592],"rotation":{"angle":-22.5,"axis":"z","origin":[11.6,10.379669,6.6895905]},"faces":{"down":{"uv":[3.2375,8.6375,3.0125,9.6125],"rotation":0,"texture":"#0","tintindex":0},"east":{"uv":[2.8875,5.2625,3.8625,6.2375],"rotation":0,"texture":"#0","tintindex":0},"north":{"uv":[1.5125,8.6375,1.7375,9.6125],"rotation":0,"texture":"#0","tintindex":0},"south":{"uv":[2.5125,8.6375,2.7375,9.6125],"rotation":0,"texture":"#0","tintindex":0},"up":{"uv":[2.9875,9.6125,2.7625,8.6375],"rotation":0,"texture":"#0","tintindex":0},"west":{"uv":[5.3875,1.7625,6.3625,2.7375],"rotation":0,"texture":"#0","tintindex":0}}},{"name":"cube","from":[4.3999996,9.02967,5.1895905],"to":[5.6,13.82967,9.989592],"rotation":{"angle":22.5,"axis":"z","origin":[4.3999996,10.379669,6.6895905]},"faces":{"down":{"uv":[3.0125,8.6375,3.2375,9.6125],"rotation":0,"texture":"#0","tintindex":0},"east":{"uv":[6.3625,1.7625,5.3875,2.7375],"rotation":0,"texture":"#0","tintindex":0},"north":{"uv":[1.7375,8.6375,1.5125,9.6125],"rotation":0,"texture":"#0","tintindex":0},"south":{"uv":[2.7375,8.6375,2.5125,9.6125],"rotation":0,"texture":"#0","tintindex":0},"up":{"uv":[2.7625,9.6125,2.9875,8.6375],"rotation":0,"texture":"#0","tintindex":0},"west":{"uv":[3.8625,5.2625,2.8875,6.2375],"rotation":0,"texture":"#0","tintindex":0}}},{"name":"cube","from":[3.7999997,7.7,10.1],"to":[12.2,13.100001,11.3],"rotation":{"angle":-22.5,"axis":"x","origin":[8.0,8.0,8.0]},"faces":{"down":{"uv":[9.7375,1.5125,8.0125,1.7375],"rotation":0,"texture":"#0","tintindex":0},"east":{"uv":[7.0125,8.5125,7.2375,9.6125],"rotation":0,"texture":"#0","tintindex":0},"north":{"uv":[0.0125,0.0125,1.7375,1.1125],"rotation":0,"texture":"#0","tintindex":0},"south":{"uv":[0.0125,1.1375,1.7375,2.2375],"rotation":0,"texture":"#0","tintindex":0},"up":{"uv":[9.4875,5.6125,7.7625,5.3875],"rotation":0,"texture":"#0","tintindex":0},"west":{"uv":[7.2625,8.5125,7.4875,9.6125],"rotation":0,"texture":"#0","tintindex":0}}}],"display":{"head":{"translation":[0.0,-6.4,0.0],"rotation":[0.0,0.0,0.0],"scale":[3.8095,3.8095,3.8095]}}}