{"textures":{"0":"modelengine:entity/jester"},"elements":[{"name":"cube","from":[4.3999996,13.1,4.3999996],"to":[11.6,14.3,11.0],"rotation":{"angle":-22.5,"axis":"x","origin":[8.0,11.0,7.4]},"faces":{"down":{"uv":[1.475,11.0125,0.0,12.3625],"rotation":0,"texture":"#0","tintindex":0},"east":{"uv":[0.0125,8.8875,1.3625,9.1125],"rotation":0,"texture":"#0","tintindex":0},"north":{"uv":[0.0125,8.6375,1.4875,8.8625],"rotation":0,"texture":"#0","tintindex":0},"south":{"uv":[0.0125,9.1375,1.4875,9.3625],"rotation":0,"texture":"#0","tintindex":0},"up":{"uv":[1.4875,12.3625,0.0125,11.0125],"rotation":0,"texture":"#0","tintindex":0},"west":{"uv":[0.0125,9.3875,1.3625,9.6125],"rotation":0,"texture":"#0","tintindex":0}}},{"name":"cube","from":[5.6,7.903011,6.0370083],"to":[10.4,10.303011,9.637009],"rotation":{"angle":0.0,"axis":"x","origin":[7.4,10.303011,6.0370083]},"faces":{"down":{"uv":[2.2375,4.0125,1.2625,4.7375],"rotation":0,"texture":"#0","tintindex":0},"east":{"uv":[5.8875,1.1375,6.6125,1.6125],"rotation":0,"texture":"#0","tintindex":0},"north":{"uv":[5.3875,0.0125,6.3625,0.4875],"rotation":0,"texture":"#0","tintindex":0},"south":{"uv":[5.5125,4.5125,6.4875,4.9875],"rotation":0,"texture":"#0","tintindex":0},"up":{"uv":[3.9875,4.4875,3.0125,3.7625],"rotation":0,"texture":"#0","tintindex":0},"west":{"uv":[6.0125,5.6375,6.7375,6.1125],"rotation":0,"texture":"#0","tintindex":0}}},{"name":"cube","from":[6.8,6.1030107,6.0370083],"to":[9.2,7.903011,9.637009],"rotation":{"angle":0.0,"axis":"x","origin":[7.4,7.303011,6.0370083]},"faces":{"down":{"uv":[5.7375,6.2625,5.2625,6.9875],"rotation":0,"texture":"#0","tintindex":0},"east":{"uv":[0.6375,6.1375,1.3625,6.4875],"rotation":0,"texture":"#0","tintindex":0},"north":{"uv":[6.7625,6.0125,7.2375,6.3625],"rotation":0,"texture":"#0","tintindex":0},"south":{"uv":[1.2625,6.8875,1.7375,7.2375],"rotation":0,"texture":"#0","tintindex":0},"up":{"uv":[4.6125,6.4875,4.1375,5.7625],"rotation":0,"texture":"#0","tintindex":0},"west":{"uv":[6.0125,6.1375,6.7375,6.4875],"rotation":0,"texture":"#0","tintindex":0}}},{"name":"cube","from":[5.0,9.5,5.6],"to":[11.0,13.1,9.2],"rotation":{"angle":-22.5,"axis":"x","origin":[8.0,11.0,7.4]},"faces":{"down":{"uv":[1.2375,3.7625,0.0125,4.4875],"rotation":0,"texture":"#0","tintindex":0},"east":{"uv":[0.8875,4.7625,1.6125,5.4875],"rotation":0,"texture":"#0","tintindex":0},"north":{"uv":[3.2625,0.7625,4.4875,1.4875],"rotation":0,"texture":"#0","tintindex":0},"south":{"uv":[3.2625,1.5125,4.4875,2.2375],"rotation":0,"texture":"#0","tintindex":0},"up":{"uv":[4.4875,2.9875,3.2625,2.2625],"rotation":0,"texture":"#0","tintindex":0},"west":{"uv":[1.6125,4.7625,0.8875,5.4875],"rotation":0,"texture":"#0","tintindex":0}}}],"display":{"head":{"translation":[0.0,-6.4,0.0],"rotation":[0.0,0.0,0.0],"scale":[3.8095,3.8095,3.8095]}}}