{"textures":{"0":"modelengine:entity/jester"},"elements":[{"name":"cube","from":[7.0699997,4.3999996,8.0],"to":[8.87,8.0,10.4],"rotation":{"angle":0.0,"axis":"x","origin":[7.1,8.6,7.4]},"faces":{"down":{"uv":[7.2375,7.5125,6.8875,7.9875],"rotation":0,"texture":"#0","tintindex":0},"east":{"uv":[3.5125,6.3875,3.9875,7.1125],"rotation":0,"texture":"#0","tintindex":0},"north":{"uv":[5.7625,6.6375,6.1125,7.3625],"rotation":0,"texture":"#0","tintindex":0},"south":{"uv":[6.1375,6.6375,6.4875,7.3625],"rotation":0,"texture":"#0","tintindex":0},"up":{"uv":[7.8625,7.1125,7.5125,6.6375],"rotation":0,"texture":"#0","tintindex":0},"west":{"uv":[4.6375,6.3875,5.1125,7.1125],"rotation":0,"texture":"#0","tintindex":0}}},{"name":"cube","from":[7.1,4.3999996,6.8],"to":[8.9,5.6,8.0],"rotation":{"angle":0.0,"axis":"x","origin":[7.1,8.6,5.0]},"faces":{"down":{"uv":[3.6125,7.8875,3.2625,8.1125],"rotation":0,"texture":"#0","tintindex":0},"east":{"uv":[1.7625,3.7625,1.9875,3.9875],"rotation":0,"texture":"#0","tintindex":0},"north":{"uv":[7.6375,7.7625,7.9875,7.9875],"rotation":0,"texture":"#0","tintindex":0},"south":{"uv":[0.7625,7.8875,1.1125,8.1125],"rotation":0,"texture":"#0","tintindex":0},"up":{"uv":[1.4875,8.1125,1.1375,7.8875],"rotation":0,"texture":"#0","tintindex":0},"west":{"uv":[0.6375,5.8875,0.8625,6.1125],"rotation":0,"texture":"#0","tintindex":0}}},{"name":"cube","from":[7.4,4.472792,5.775736],"to":[8.6,5.672792,6.9757357],"rotation":{"angle":-45.0,"axis":"x","origin":[8.3,5.672792,6.375736]},"faces":{"down":{"uv":[3.9875,7.1375,3.7625,7.3625],"rotation":0,"texture":"#0","tintindex":0},"east":{"uv":[6.1375,4.1375,6.3625,4.3625],"rotation":0,"texture":"#0","tintindex":0},"north":{"uv":[1.3875,6.1375,1.6125,6.3625],"rotation":0,"texture":"#0","tintindex":0},"south":{"uv":[5.7625,6.2625,5.9875,6.4875],"rotation":0,"texture":"#0","tintindex":0},"up":{"uv":[1.2375,7.3625,1.0125,7.1375],"rotation":0,"texture":"#0","tintindex":0},"west":{"uv":[6.8875,3.1375,7.1125,3.3625],"rotation":0,"texture":"#0","tintindex":0}}}],"display":{"head":{"translation":[0.0,-6.4,0.0],"rotation":[0.0,0.0,0.0],"scale":[3.8095,3.8095,3.8095]}}}