{"textures":{"0":"modelengine:entity/bard","1":"modelengine:entity/bard_stool"},"elements":[{"name":"cube","from":[7.4,2.9297304,9.97514],"to":[8.6,7.129731,11.77514],"rotation":{"angle":22.5,"axis":"x","origin":[9.8,12.529713,11.175139]},"faces":{"down":{"uv":[13.225,8.025,12.525,8.725],"rotation":0,"texture":"#0","tintindex":0},"east":{"uv":[14.275,8.775,14.975,10.475],"rotation":0,"texture":"#0","tintindex":0},"north":{"uv":[15.025,8.775,15.475,10.475],"rotation":0,"texture":"#0","tintindex":0},"south":{"uv":[14.275,7.025,14.725,8.725],"rotation":0,"texture":"#0","tintindex":0},"up":{"uv":[13.225,5.975,12.525,5.275],"rotation":0,"texture":"#0","tintindex":0},"west":{"uv":[13.525,8.775,14.225,10.475],"rotation":0,"texture":"#0","tintindex":0}}},{"name":"cube","from":[7.1,2.9297304,9.375139],"to":[8.9,4.1297307,9.97514],"rotation":{"angle":22.5,"axis":"x","origin":[9.8,12.529713,11.175139]},"faces":{"down":{"uv":[5.225,10.525,4.525,10.725],"rotation":0,"texture":"#0","tintindex":0},"east":{"uv":[12.275,13.025,12.475,13.475],"rotation":0,"texture":"#0","tintindex":0},"north":{"uv":[4.525,13.025,5.225,13.475],"rotation":0,"texture":"#0","tintindex":0},"south":{"uv":[13.025,4.525,13.725,4.975],"rotation":0,"texture":"#0","tintindex":0},"up":{"uv":[10.475,8.225,9.775,8.025],"rotation":0,"texture":"#0","tintindex":0},"west":{"uv":[12.525,13.025,12.725,13.475],"rotation":0,"texture":"#0","tintindex":0}}}],"display":{"head":{"translation":[0.0,-6.4,0.0],"rotation":[0.0,0.0,0.0],"scale":[3.8095,3.8095,3.8095]}}}